ref_evap;anomes;hora1;hora2;hora3;evapiche;evatanque;temedmax;temedmin;temedsec1;temedhum1;temedsec2;temedhum2;temedsec3;temedhum3;velviento;prectotmes;diasprec;insol
5004;198402;8;;;2.6;2.7;16;3.8;5.8;4.4;;;;;4.7;28;3;
5004;198502;8;;;1.6;1.8;17;6.7;8.8;7.6;;;;;3.8;104;10;
5004;198501;8;;;2.2;2.4;13.3;2.7;5.4;4.1;;;;;4.1;220;10;
5004;198412;8;;;2.1;2.3;16.1;6.4;8.6;7.3;;;;;2.9;31.6;8;
5004;198411;8;;;2.1;2.2;17.8;8.1;10.2;8.8;;;;;4.8;238;15;
5004;198410;8;;;4.4;4.5;24.3;10.5;12.2;10.8;;;;;3.7;43.7;5;
5004;198409;8;;;6.8;6.9;31.2;14.8;16.4;14.9;;;;;3.5;0.5;1;
5004;198408;8;;;8;8.1;39.9;17.1;18.6;17.2;;;;;3.8;;;
5004;198407;8;;;8.7;8.9;35;17;18.7;17.3;;;;;3.5;;;
5004;198406;8;;;4.9;5.1;27;12.5;14.4;13.1;;;;;3.7;52;4;
5004;198405;8;;;2.8;2.8;19.6;8.1;10;8.6;;;;;4.7;84;12;
5004;197810;7;;;3.8;4;25.3;11.7;12.8;11.8;;;;;1.5;44.4;5;203
5004;198403;8;;;3;3.1;15.9;5;7.2;5.8;;;;;4.5;131;9;
5004;198505;8;;;3.7;3.8;22.6;9.6;11.2;9.7;;;;;4;11.5;4;
5004;198401;8;;;1.9;2;14.6;4.2;6.8;5.4;;;;;3.3;13;4;
5004;198312;8;;;1.9;2;16.8;5.8;7.8;6.4;;;;;3.7;116.8;7;
5004;198311;8;;;1.4;1.8;19.1;10.9;12.7;11.4;;;;;3.5;380;18;
5004;198310;8;;;5.1;5.8;27.7;12.9;14.8;13.4;;;;;3.8;32.5;4;
5004;198309;8;;;7.7;8.1;33.7;16.9;18.8;17.1;;;;;4.6;11;1;
5004;198308;8;;;7.4;7.6;32.5;17;18.4;16.8;;;;;4.4;;;
5004;198307;8;;;7.3;7.5;32;15.1;16.6;15.2;;;;;4.4;;;
5004;198306;8;;;7.6;7.8;31.2;15;16.5;15.1;;;;;4.2;24;2;
5004;198305;8;;;4.6;4.8;23.3;8.9;10.8;9.5;;;;;4.7;18.6;4;
5004;198304;8;;;4.5;4.6;20.3;7.4;9.5;8.1;;;;;5.2;80;10;
5004;198404;8;;;3.4;3.6;21.5;10.4;11.4;10.1;;;;;4.2;135;8;
5004;198604;8;;;2.8;2.9;17.1;5.1;7.1;5.6;;;;;3.5;35.6;10;
5004;198704;7;;;3.6;3.6;22.2;8.7;10.6;9;;;;;2.5;44.1;8;
5004;198703;7;;;3.4;3.5;21.5;7.1;8.7;7.2;;;;;2.1;17.1;2;
5004;198702;7;;;1.9;2;15.5;4.8;6.9;5.3;;;;;2.5;86.3;13;
5004;198701;7;;;1.9;2;14.5;3.3;5.2;3.9;;;;;2.9;204.3;12;
5004;198612;7;;;2;2.1;16.7;3.7;6.1;4.6;;;;;1.6;25.4;2;
5004;198611;7;;;2.8;2.6;20.7;8.1;9.8;8.3;;;;;2;68.3;2;
5004;198610;8;;;3.7;3.9;26.4;12.5;14.3;12.7;;;;;1.7;80.4;6;
5004;198609;8;;;6.2;6.2;31.5;15.9;18;16.3;;;;;2.7;48;2;
5004;198608;8;;;9.9;10.1;35.8;15.5;17.9;16.2;;;;;2.7;0;0;
5004;198607;8;;;10.1;10.2;36.3;16.5;18.6;17;;;;;2.4;0;0;
5004;198503;8;;;3.8;3.9;18;4.8;7;5.7;;;;;4.6;5.5;3;
5004;198605;8;;;6.1;6.2;28.4;11.6;13.5;12.2;;;;;2.9;21.5;3;
5004;198504;8;;;3.2;3.3;22;7.6;9.8;8.5;;;;;4;55.7;12;
5004;198603;8;;;2.8;2.9;18.5;5.8;7.9;6.5;;;;;3.3;46;5;
5004;198602;8;;;1.6;2.1;14.5;4;6.3;5;;;;;3.6;114.7;11;
5004;198601;8;;;2;2.1;15.6;3.3;6.1;4.5;;;;;2.7;31.5;7;
5004;198512;8;;;1.6;1.7;16;4.8;7.3;5.7;;;;;2.5;155.3;11;
5004;198511;8;;;2.5;2.6;18.8;7.1;9;7.7;;;;;3.1;98;5;
5004;198510;8;;;6.1;6.1;28.8;12.3;13.9;12.7;;;;;3.1;0;0;
5004;198509;8;;;8.5;8.7;34.3;17;19;17.5;;;;;3.1;0;0;
5004;198508;8;;;9.9;9.9;36.1;17.2;18.6;17.6;;;;;3.6;0;0;
5004;198507;8;;;8;8.2;35.3;16.3;18.3;16.8;;;;;3.5;0;0;
5004;198506;8;;;5.7;5.8;30.5;14;15.6;14.1;;;;;3.3;22;2;
5004;198301;8;;;2.5;2.6;17.2;4.1;5.5;4;;;;;0.1;;;
5004;198606;8;;;7.1;7.1;31.2;13.8;16.1;14.6;;;;;1.7;10.5;3;
5004;197910;7;;;2.1;2.3;20.8;11.8;12.3;10.8;;;;;2;24.9;16;127
5004;198303;8;;;4.2;4.2;21.5;7.5;9.4;8;;;;;3.5;12.5;1;
5004;198009;7;;;6.5;6.6;33.6;18.4;19;17.4;;;;;1.8;64.5;2;229
5004;198008;7;;;8.2;8.4;35.5;19.7;20.2;18.5;;;;;2.1;0;0;264
5004;198007;7;;;8.3;8.6;35;17.5;18.2;16.7;;;;;2.1;0;0;348
5004;198006;7;;;6.4;6.7;33;15;16.1;14.6;;;;;1.9;0;0;321
5004;198005;7;;;3.6;3.7;24.5;10.5;11.5;10;;;;;1.5;50;8;216
5004;198004;7;;;3.6;3.8;23.3;9.2;9.5;8;;;;;1.5;27.5;5;189
5004;198003;7;;;2.3;2.6;17;5.5;7.3;5.9;;;;;1.4;52.6;11;152
5004;198002;7;;;1.8;1.9;16.8;4.8;6.3;4.9;;;;;0.7;32.9;6;124
5004;198001;7;;;1.5;1.6;13.7;3.2;4.4;2.9;;;;;0.7;52.5;4;144
5004;198011;7;;;1.9;2.3;17.7;7.3;8.3;6.8;;;;;1.5;205.7;8;
5004;197911;7;;;2.6;2.9;19.9;6.7;7.9;6.5;;;;;0.9;5;2;202
5004;198012;7;;;2.6;2.7;13.1;3;4.2;2.6;;;;;1.8;;;
5004;197909;7;;;5.7;5.8;30.8;16.3;17.1;15.6;;;;;1.7;8.2;2;245
5004;197908;7;;;8.1;8.3;35.4;19.3;20.4;18.8;;;;;1.5;0;0;335
5004;197907;7;;;6.9;7.1;33.8;17.7;19.4;17.8;;;;;2.3;6.5;3;284
5004;197906;7;;;5.9;6.1;32.4;14.9;16.4;14.3;;;;;1.8;9.3;2;270
5004;197905;7;;;4.9;5.7;27.5;11;12;10.4;;;;;1.2;0;0;282
5004;197904;7;;;3.2;3.2;20.5;7.5;8.9;7.2;;;;;1.5;63.6;7;229
5004;197903;7;;;1.7;2;16.2;4.6;6.1;4.6;;;;;1.1;103.7;13;178
5004;197902;7;;;1.6;1.9;14.7;6;7.8;6.3;;;;;2.1;149.9;12;103
5004;197901;7;;;1.1;1.4;14.8;6.5;8.3;6.8;;;;;1.8;229.6;14;97
5004;197812;7;;;1;1.2;14.9;6.8;9.1;7.5;;;;;2.4;200.4;22;68
5007;199101;7;;;;1.7;14.2;2.2;5.2;4.3;;;;;5.7;7;3;
5004;197912;7;;;1.7;1.9;15.4;3.7;5.3;3.7;;;;;0.6;3.5;1;139
5004;198112;7;;;1.9;2.1;16.8;5.1;7.6;6;;;;;2.4;218;11;
5004;198707;7;;;7.4;7.3;33.3;16.7;18.3;16.7;;;;;2.1;35.8;2;
5004;198212;8;;;1.5;1.5;15.1;3.7;5.8;4.2;;;;;0;25.8;5;136
5004;198211;8;;;1.9;2;19.3;7.4;9;7.5;;;;;0.4;240.1;7;148
5004;198210;8;;;3.8;3.9;24.5;10.8;12.4;10.9;;;;;0.1;10.5;2;237
5004;198208;7;;;7.1;7.2;34.5;17.4;19.6;18.2;;;;;0.9;20.5;4;309
5004;198207;7;;;7.7;7.8;34.1;16.2;18;16.5;;;;;0.6;16;2;344
5004;198206;7;;;6;6.2;32.9;14.9;16.7;15.1;;;;;0.2;;;
5004;198205;7;;;4.8;4.8;28.3;11.3;12.9;11.4;;;;;0.2;;;
5004;198204;7;;;2.8;3;21.7;8.1;9.8;8.3;;;;;1;51.1;8;129
5004;198203;7;;;3.4;3.5;22.7;7.6;9.1;7.5;;;;;0.7;47.3;4;219
5004;198010;7;;;3.8;3.9;24.3;11.9;12.5;10.8;;;;;1.2;46.7;4;195
5004;198201;7;;;1.4;1.6;16.8;5.3;7.1;5.6;;;;;1.1;138.8;9;57
5004;198302;8;;;1.8;1.8;15;3.2;5.1;3.7;;;;;0;20.7;5;
5004;198111;7;;;4.5;4.5;24.2;7.9;9.9;8.3;;;;;1;;;
5004;198110;7;;;3.8;3.9;28.1;12.1;13.3;11.8;;;;;1.4;28.8;4;
5004;198109;7;;;5.4;5.5;32.8;14.6;16.5;15;;;;;1.7;2;1;
5004;198108;7;;;7.1;7.3;34.9;16.1;17.8;16.3;;;;;2.5;;;
5004;198107;7;;;8;8.7;35.5;16.6;18.3;16.9;;;;;2.7;5.5;2;
5004;198106;7;;;7.5;7.7;34.6;15.9;17.2;15.6;;;;;1.5;29.5;3;
5004;198105;7;;;4.4;4.6;25.9;9;10.6;9.2;;;;;1.2;28.2;3;
5004;198104;7;;;2.3;2.4;20.4;7.4;9.1;7.3;;;;;1.4;71.9;12;
5004;198103;7;;;2.6;2.7;22;7;8.9;7.5;;;;;1.2;57;6;
5004;198102;7;;;2.8;2.8;16.2;2.9;4.9;3.4;;;;;1.7;7.5;3;
5004;198101;7;;;2.3;2.4;15;2.2;3.2;1.7;;;;;0.9;;;
5004;198202;7;;;1.6;1.7;17;5.2;7.1;5.6;;;;;0.8;39.5;4;121
5004;199211;8;;;2.1;2.1;22.6;5.2;8.9;6.6;;;;;2;3.5;1;
5004;199111;8;;;2.5;2.6;18.9;5.5;7.2;5;;;;;2.4;41.2;2;
5004;199310;8;;;1.9;1.9;20.7;9.9;10.3;8.3;;;;;4.1;223.4;17;
5004;199309;8;;;3.8;4.2;30;13;14;12;;;;;3.5;;;
5004;199308;8;;;8.4;7.9;35.4;18.6;19.3;17.1;;;;;3.6;0;0;
5004;199307;8;;;9.4;9.1;38.3;18;19.2;17.3;;;;;3.5;;;
5004;199306;8;;;5.6;5.7;29.9;14.7;15;12.8;;;;;3.4;10.5;1;
5004;199305;8;;;3.3;3.6;21.5;10.1;11.2;9.2;;;;;3.4;94.1;10;
5004;199304;8;;;3.5;3.9;21.2;7.1;8.2;6.2;;;;;3.8;83.6;7;
5004;199303;8;;;3.9;3.8;19.4;6.8;7.3;5.4;;;;;3.2;42.2;3;
5004;199302;8;;;1.9;2.1;16.7;3.7;6;4;;;;;3;21.9;3;
5004;199312;8;;;1.5;1.8;17.3;5.5;7;5.1;;;;;2.5;0;0;
5004;199212;8;;;1.2;1.3;16;4;7;5;;;;;2.1;25;5;
5004;199401;8;;;2.2;2.3;15.7;4.5;5.3;3.4;;;;;3;50.4;6;
5004;199210;8;;;2.7;2.7;21.9;9.4;10.9;8.8;;;;;2.9;110.8;10;
5004;199209;8;;;6;5.9;32.6;14.4;16.2;13.9;;;;;3.1;37.2;1;
5004;199208;8;;;7.7;8.1;37.2;17.6;19.3;16;;;;;3.7;2.3;1;
5004;199207;8;;;8.2;8.1;35.3;16.9;18.3;16.9;;;;;3.7;0;0;
5004;199206;8;;;4.6;5;26.2;11.4;12.8;10.4;;;;;2.9;61.3;6;
5004;199205;8;;;6.4;7.2;27.9;11.6;13.2;10.7;;;;;4.6;18.7;6;
5004;199204;8;;;4.5;4.6;23.4;8.5;10.1;7.7;;;;;4;66.5;5;
5004;199203;8;;;3.6;3.7;21.2;6.3;8.2;5.7;;;;;3.1;12.9;3;
5004;199202;8;;;2.2;2.2;16.9;3.2;5.2;2.8;;;;;2.4;42.3;6;
5004;199201;8;;;1.9;1.8;14.3;2.1;3.7;1.5;;;;;2.4;13.4;4;
5004;198705;7;;;4.4;4.5;26.5;10.7;12.3;10.7;;;;;2.9;4.9;1;
5004;199301;8;;;1.3;1.4;16.7;1;2.7;0.9;;;;;1.9;28.3;1;
5006;197512;7;;;1.9;1.6;14.7;4.8;6.9;5.9;;;;;4.5;114.8;9;134
5006;197612;7;;;1.3;1.3;15.7;8.2;9;9.5;;;;;5.5;175.6;18;67
5006;197611;7;;;1.9;1.7;17.5;4.4;5.5;5.4;;;;;3.6;59;6;182
5006;197610;7;;;3.3;;22.2;10.8;12.3;10.8;;;;;4.7;67.4;11;159
5006;197609;7;;;5.4;6.2;28.6;14.7;16.6;15.2;;;;;5;99.7;7;177
5006;197608;7;;;8.9;8.7;34.8;17.5;20.6;17.5;;;;;4.7;9.8;4;257
5006;197607;7;;;8.2;9.4;34.9;18.1;22;19.5;;;;;4.8;0;0;325
5006;197606;7;;;7.4;8.6;33.6;15.5;20.3;17.8;;;;;4.4;14.7;2;298
5006;197605;7;;;4;5.2;26.1;11.4;14.9;13.7;;;;;3.7;37.2;6;249
5006;197604;7;;;2.3;3.2;19.2;8;10.2;9.5;;;;;4.3;100.3;13;136
5006;197603;7;;;3.4;3.4;19.7;5.5;7.1;6.3;;;;;4.8;49.1;5;220
5004;199311;8;;;1.3;1.5;18;8.6;9.4;7.4;;;;;2;102.1;8;
5006;197601;7;;;2.5;1.9;16.1;1;2.1;1.4;;;;;3.8;22.8;4;202
5004;199110;8;;;2.9;3;21.3;9.4;10.5;8.4;;;;;3;104;7;
5006;197511;7;;;4;2.7;21.4;5.5;6.7;6.4;;;;;3.3;4.8;1;181
5006;197510;7;;;5.2;4.8;27.8;10.9;12.3;10.9;;;;;;9.3;2;242
5006;197509;7;;;5.6;5;29.6;13;15.5;14.5;;;;;;1.6;2;233
5006;197508;7;;;7.6;7.3;34.1;16.3;19.8;18.2;;;;;1.7;0;0;350
5006;197507;7;;;8.4;8.2;36.8;15.5;18.8;17.2;;;;;1.9;0;0;325
5006;197506;7;;;5.7;6.4;29.4;12.9;17.2;14.8;;;;;2.5;9.3;5;264
5004;199406;8;;;6.8;7.2;34;15;16;14;;;;;2.7;0;0;
5004;199405;8;;;3.1;3.1;24.2;9.7;11.3;9;;;;;3.5;69.4;9;
5004;199404;8;;;3.2;3.2;22;7;8.4;5.9;;;;;3.2;23.5;5;
5004;199403;8;;;2.7;2.7;21.8;6.6;8.3;6;;;;;2.4;2.4;2;
5004;199402;8;;;1.6;1.6;18.2;3.5;4.7;2.6;;;;;2.6;84.3;10;
5006;197602;7;;;2.2;2.2;16.9;6.3;7.4;6.8;;;;;4.7;64.2;10;151
5004;198806;7;;;2.8;2.8;26;16.7;15;13.3;;;;;3.6;99.3;7;
5004;199112;8;;;1.7;1.8;16.5;5.1;7.3;4.9;;;;;2.5;43.1;7;
5004;198905;7;;;4.5;4.6;26.4;11.4;13.5;11.9;;;;;3.1;;;
5004;198904;7;;;2.4;2.5;18.8;7.1;9.1;7.4;;;;;4.5;;;
5004;198903;7;;;3;3;21.2;7.4;9.6;7.7;;;;;3.1;38.8;7;
5004;198902;7;;;2.5;2.4;16.7;5.7;7.9;6.3;;;;;3.7;62.2;9;
5004;198901;7;;;1.6;1.8;15.6;3.1;5.6;3.8;;;;;2.3;59.8;4;
5004;198812;7;;;2.1;2.1;16.1;3.2;5.3;3.7;;;;;2.7;4.2;1;
5004;198811;7;;;1.8;1.9;18.8;9.7;11;9.5;;;;;3.4;61;8;
5004;198810;7;;;3.4;3.5;24.4;12.2;14;12.4;;;;;2.5;77.5;8;
5004;198809;7;;;7;6.9;32.9;15.9;18.1;16.2;;;;;3.2;0;0;
5004;198907;7;;;8.2;8.1;37.6;18.6;21.6;20;;;;;3.4;;;
5004;198807;7;;;5.5;5.6;34.4;17.3;19.2;17.3;;;;;2.9;13.6;2;
5004;198908;7;;;6.4;6.5;35.9;18.1;21;19;;;;;3.1;5.1;3;
5004;198805;7;;;2.5;2.6;23.2;11;12.2;10.4;;;;;3.2;99.6;8;
5004;198804;7;;;2.4;2.5;21.8;8.7;10.5;8.7;;;;;2.9;29.7;6;
5004;198803;7;;;2.5;2.6;21.4;6.5;8;6.6;;;;;1.5;11.6;3;
5004;198802;7;;;2;2;15.3;5.4;6.8;4.9;;;;;2.3;11.4;6;
5004;198801;7;;;1.2;1.3;15.2;5.5;7.9;6.2;;;;;2.8;214.3;16;
5004;198712;7;;;1.1;1.4;16;7.9;9.6;8;;;;;2.9;385.7;17;
5004;198711;7;;;2.3;2.4;19.2;6.8;8.5;6.9;;;;;2;98.6;5;
5004;198710;7;;;2.5;2.6;21.5;10.5;12.3;10.7;;;;;2.2;124.6;11;
5004;198709;7;;;6.3;6.4;32.8;16.9;18.7;16.9;;;;;2.1;32.2;3;
5004;198708;7;;;7.2;7.3;34.4;17.1;18.9;17.4;;;;;2.4;35.6;1;
5004;197809;7;;;5.9;6.3;33.4;17.3;18.5;17;;;;;0.3;3.3;2;220
5004;198808;7;;;7.9;8;36.7;17.7;19.6;17.7;;;;;3;0;0;
5004;199008;8;;;11;11;36.5;18.2;20.2;18.5;;;;;2.9;0;0;
5004;199109;8;;;5.4;5.3;32.1;16.1;17.7;15.7;;;;;3.1;38.9;6;
5004;199108;8;;;8.6;8.7;37;18.4;19.9;16.7;;;;;3.4;0;0;
5004;199107;8;;;9.1;8.9;35;16.5;18.5;16.5;;;;;4;0;0;
5004;199106;8;;;7.8;7.6;32.5;14.9;16.3;14.2;;;;;3.3;0;0;
5004;199105;8;;;6.2;6.3;25.3;9.3;11.1;9.3;;;;;4.1;8.3;1;
5004;199104;8;;;2.8;2.7;19.9;7.1;9;7;;;;;3.5;25.4;7;
5004;199103;8;;;2;1.8;17.4;6.7;8.1;6.5;;;;;4;140.4;9;
5004;199101;8;;;1.7;1.7;15.2;3.5;5.3;3.7;;;;;1.9;23.9;7;
5004;199012;8;;;1.6;1.7;14.2;3.7;5.9;4.3;;;;;1.8;12.1;7;
5004;199011;8;;;2.1;2.5;19.4;6.8;8.9;7.3;;;;;2;40.2;6;
5004;198906;7;;;5.6;5.5;31.7;15;17.9;16.3;;;;;2.9;2.7;1;
5004;199009;8;;;10.1;10.5;32.2;16.4;18.6;16.9;;;;;2.8;4.7;3;
5004;198706;7;;;7.6;7.5;32.5;14.2;16.2;14.6;;;;;2.8;2.8;1;
5004;199007;8;;;12.3;12.1;37;18.5;20.5;18.7;;;;;3.4;0;0;
5004;199006;8;;;7.7;7.5;31.1;14.6;16.7;15.2;;;;;3.4;0;0;
5004;199005;8;;;3.8;3.6;26.4;15.6;13.5;12;;;;;2.8;19.5;4;
5004;199004;8;;;2.5;2.6;20;7.9;9.9;8.3;;;;;3.6;0;0;
5004;199003;8;;;2.4;2.4;20.6;8.3;10.3;8.5;;;;;4.2;26.5;6;
5004;199002;8;;;1.9;2;19.9;6.3;8.7;7.2;;;;;1.9;0.4;1;
5004;199001;8;;;1.4;1.5;15.3;4.4;6.6;5.1;;;;;2;99.7;8;
5004;198912;8;;;1.1;1.2;15.9;8.8;10.6;9.1;;;;;4.4;479;21;
5004;198911;8;;;1.7;1.9;19.2;9.7;11.7;10.1;;;;;3.7;354.4;13;
5004;198910;8;;;3.3;3.2;25.7;13.3;15.7;13.8;;;;;3.2;132.4;8;
5004;198909;7;;;3.5;3.4;30.3;15.6;16.9;15.2;;;;;2.3;55.4;4;
5004;199010;8;;;3.1;3.3;23.3;11.6;13.5;11.8;;;;;3;111.3;14;
5002;201703;8;;;;2.6;;;;;;;;;;;;
5002;201803;8;;;;1.9;;;;;;;;;;;;
5002;201802;8;;;;2.2;;;;;;;;;;;;
5002;201801;8;;;;1.3;;;;;;;;;;;;
5002;201712;8;;;;1.3;;;;;;;;;;;;
5002;201711;8;;;;2;;;;;;;;;;;;
5002;201710;8;;;;3.9;;;;;;;;;;;;
5002;201709;8;;;;6;;;;;;;;;;;;
5002;201708;8;;;;8;;;;;;;;;;;;
5002;201707;8;;;;9;;;;;;;;;;;;
5002;201706;8;;;;9.2;;;;;;;;;;;;
5004;197811;7;;;2.3;2.6;19;7.4;8.7;7.2;;;;;1;15.5;3;153
5002;201704;8;;;;4.1;;;;;;;;;;;;
5002;201806;8;;;;6.8;;;;;;;;;;;;
5002;201702;8;;;;1.4;;;;;;;;;;;;
5002;201701;8;;;;1.3;;;;;;;;;;;;
5002;201612;8;;;;1;;;;;;;;;;;;
5002;201611;8;;;;1.6;;;;;;;;;;;;
5002;201610;8;;;;2.9;;;;;;;;;;;;
5002;201609;8;;;;6.5;;;;;;;;;;7.7;1;
5002;201608;8;;;;9;;;;;;;;;;0.1;1;
5002;201607;8;;;;10;;;;;;;;;;0;0;
5002;201606;8;;;;8.6;;;;;;;;;;0.6;1;
5002;201605;8;;;;4.4;;;;;;;;;;171.9;11;
5002;201705;8;;;;5.1;;;;;;;;;;;;
5002;201905;8;;;;7.1;;;;;;;;;;;;
5002;202005;8;;;;5.4;;;;;;;;;;;;
5002;202004;8;;;;2.3;;;;;;;;;;;;
5002;202003;8;;;;2.7;;;;;;;;;;;;
5002;202002;8;;;;1.9;;;;;;;;;;;;
5002;202001;8;;;;1;;;;;;;;;;;;
5002;201912;8;;;;1.2;;;;;;;;;;;;
5002;201911;8;;;;1.7;;;;;;;;;;;;
5002;201910;8;;;;3.9;;;;;;;;;;;;
5002;201909;8;;;;5.5;;;;;;;;;;;;
5002;201908;8;;;;8.2;;;;;;;;;;;;
5002;201804;8;;;;3.2;;;;;;;;;;;;
5002;201906;8;;;;8.4;;;;;;;;;;;;
5002;201805;8;;;;4.3;;;;;;;;;;;;
5002;201904;8;;;;3.3;;;;;;;;;;;;
5002;201903;8;;;;3.5;;;;;;;;;;;;
5002;201902;8;;;;2.1;;;;;;;;;;;;
5002;201901;8;;;;1.3;;;;;;;;;;;;
5002;201812;8;;;;1.1;;;;;;;;;;;;
5002;201811;8;;;;1.1;;;;;;;;;;;;
5002;201810;8;;;;2.9;;;;;;;;;;;;
5002;201809;8;;;;5.7;;;;;;;;;;;;
5002;201808;8;;;;8.1;;;;;;;;;;;;
5002;201807;8;;;;8.3;;;;;;;;;;;;
5002;201602;8;;;;1.8;;;;;;;;;;42.8;13;
5002;201907;8;;;;8;;;;;;;;;;;;
5002;201212;8;;;;0.8;;;;;;;;;;49.8;11;
5002;201604;8;;;;2.9;;;;;;;;;;119.6;12;
5002;201311;8;;;;1.5;;;;;;;;;;5.1;2;
5002;201310;8;;;;2.7;;;;;;;;;;60.2;10;
5002;201309;8;;;;5;;;;;;;;;;47.9;3;
5002;201308;8;;;;8.3;;;;;;;;;;30.6;3;
5002;201307;8;;;;8.8;;;;;;;;;;0;0;
5002;201306;8;;;;7.6;;;;;;;;;;5.3;2;
5002;201305;8;;;;5;;;;;;;;;;22.5;8;
5002;201304;8;;;;3.7;;;;;;;;;;63;7;
5002;201303;8;;;;1.7;;;;;;;;;;317.7;22;
5002;201401;8;;;;1.2;;;;;;;;;;100.1;19;
5002;201301;8;;;;0.8;;;;;;;;;;56.7;13;
5002;201402;8;;;;1.5;;;;;;;;;;110.7;17;
5002;201211;8;;;;1.2;;;;;;;;;;196.2;15;
5002;201210;8;;;;2.6;;;;;;;;;;81.8;10;
5002;201209;8;;;;5.4;;;;;;;;;;81.5;6;
5002;201208;8;;;;9.8;;;;;;;;;;0;0;
5002;201207;8;;;;10.4;;;;;;;;;;0.5;1;
5002;201206;8;;;;9.5;;;;;;;;;;0;0;
5002;201205;8;;;;6.2;;;;;;;;;;50.9;8;
5002;201204;8;;;;3.6;;;;;;;;;;62.2;8;
5002;201203;8;;;;3.6;22.4;6;6.7;6;;;;;;2.6;4;
5002;201202;8;;;;2.7;16.7;0.7;1.4;1.1;;;;;;0;0;
5002;201201;8;;;;1.1;14.8;3.9;4.3;4;;;;;;10;3;
5002;201302;8;;;;1.5;;;;;;;;;;119.4;7;
5002;201502;8;;;;2;;;;;;;;;;14;8;
5002;202008;8;;;;8.5;;;;;;;;;;;;
5002;201601;8;;;;0.9;;;;;;;;;;74.5;16;
5002;201512;8;;;;0.9;;;;;;;;;;9.2;5;
5002;201511;8;;;;1.3;;;;;;;;;;77.1;4;
5002;201510;8;;;;2.3;;;;;;;;;;152.1;13;
5002;201509;8;;;;5;;;;;;;;;;5.9;4;
5002;201508;8;;;;7.9;;;;;;;;;;4.6;1;
5002;201507;8;;;;11;;;;;;;;;;0;0;
5002;201506;8;;;;8.6;;;;;;;;;;6.8;1;
5002;201505;8;;;;7;;;;;;;;;;0.9;1;
5002;201312;8;;;;1.1;;;;;;;;;;89.7;5;
5002;201503;8;;;;3;;;;;;;;;;36.7;8;
5002;201603;8;;;;2.8;;;;;;;;;;30.6;10;
5002;201501;8;;;;1.1;;;;;;;;;;40.4;7;
5002;201412;8;;;;0.7;;;;;;;;;;25.4;6;
5002;201411;8;;;;1.2;;;;;;;;;;193.9;16;
5002;201410;8;;;;2.9;;;;;;;;;;69.9;7;
5002;201409;8;;;;4.4;;;;;;;;;;110.9;12;
5002;201408;8;;;;8.3;;;;;;;;;;0;0;
5002;201407;8;;;;8.4;;;;;;;;;;8.8;1;
5002;201406;8;;;;7.7;;;;;;;;;;1.8;1;
5002;201405;8;;;;6.5;;;;;;;;;;11.1;2;
5002;201404;8;;;;3.4;;;;;;;;;;90;10;
5002;201403;8;;;;2.9;;;;;;;;;;45;9;
5002;201504;8;;;;3.7;;;;;;;;;;26.8;8;
5004;197506;7;;;3.9;4.7;27.6;13;14.1;12.3;;;;;0.2;76.7;8;227
5004;197406;7;;;4.3;5.3;27.9;13.8;15.9;14.1;;;;;0.1;66.6;10;190
5004;197605;7;;;3.7;3.9;24.6;10.7;12;10.6;;;;;0.7;39.5;4;226
5004;197604;7;;;2.4;2.6;17.8;6.7;8.2;6.7;;;;;0.8;113.5;13;127
5004;197603;7;;;2.9;3.3;17.6;4.8;6.5;5;;;;;0.9;35.6;5;208
5004;197602;7;;;2;2.1;15.1;4.8;6.4;4.9;;;;;1.1;75.4;11;139
5004;197601;7;;;2.3;2.6;16.1;1.2;2.9;1.5;;;;;0.5;24.3;3;196
5004;197512;7;;;1.7;2.1;12.6;3.7;5.6;3.9;;;;;2.4;93.5;7;103
5004;197511;7;;;3.5;3.8;19.9;6.1;8.1;6.4;;;;;0.6;4.5;1;119
5004;197510;7;;;4.7;5.3;26.5;11.3;12.5;11.1;;;;;1;0.8;1;196
5004;197509;7;;;5.1;6.1;28.7;13.1;15;13.2;;;;;3.8;0;0;184
5004;197607;7;;;7.2;7.4;35;18.6;20.4;18.6;;;;;1.1;5.9;2;299
5004;197507;7;;;8.5;9.4;36.1;17.3;19.5;17.7;;;;;0.3;0;0;324
5004;197608;7;;;7;7.4;34.1;18;20;18.2;;;;;1.8;9;3;228
5004;197505;7;;;3.4;4.1;21.5;9.4;10;8.6;;;;;0.6;62.2;5;189
5004;197504;7;;;3.1;3.8;19.5;7.1;8.3;7.1;;;;;0;60.8;9;198
5004;197503;7;;;2.1;2.5;14.9;4.9;6.8;5.4;;;;;0.5;99.5;13;136
5004;197502;7;;;1.7;2.3;15;5.1;6.6;5.1;;;;;1;122.3;10;95
5004;197501;7;;;1.7;2.3;15;3.2;5.9;4.5;;;;;0.8;115.4;9;111
5004;197412;7;;;2;2.6;17.2;3.9;5.3;3.5;;;;;0.1;20.1;2;176
5004;197411;7;;;1.4;2.2;19.2;6.7;8.8;7;;;;;0.1;58.8;3;134
5004;197410;7;;;2;2.7;23.5;9.1;11;9.4;;;;;0.1;8.8;1;183
5004;197409;7;;;3.7;4.4;30.8;14;15.7;14;;;;;0;0;0;252
5004;197408;7;;;7.5;8.2;36.6;17.6;19.3;17.7;;;;;0;0;0;332
5002;202006;8;;;;7.6;;;;;;;;;;;;
5004;197508;7;;;8;9.2;35.4;18.3;19.9;18.2;;;;;1;0;0;292
5004;197708;7;;;6.6;6.8;31.9;14.9;16.5;14.7;;;;;1;4.7;2;310
5004;197808;7;;;7.5;8;35.6;16.8;18.9;16.6;;;;;0;0;0;307
5004;197807;7;;;8.3;8.7;36.4;18;19.7;18;;;;;0;0;0;349
5004;197806;7;;;3.2;3.4;25.5;12.6;13.7;12.1;;;;;0.2;39.8;5;204
5004;197805;7;;;2.9;3.1;21.4;9.5;10.6;8.9;;;;;1.6;59.3;10;187
5004;197804;7;;;2.3;2.6;18.4;6.9;8.6;7.6;;;;;1.5;87.3;12;145
5004;197803;7;;;2.4;2.4;19.4;6.1;7.4;5.7;;;;;1.1;44.7;6;213
5004;197802;7;;;1.7;1.9;15.9;4.9;7;5.6;;;;;2.6;151.5;13;112
5004;197801;7;;;1.6;1.8;12.8;4.2;6.1;4.6;;;;;1.3;26.6;7;104
5004;197712;7;;;1;1.2;15.2;7.6;9.2;7.5;;;;;1;237.4;17;63
5004;197711;7;;;2;2.2;18.3;7;8.9;7.1;;;;;0.9;118;6;144
5004;197606;7;;;6.9;7.1;32.6;15.6;17;15.4;;;;;1.2;8.8;2;270
5004;197709;7;;;5.9;6.2;31.8;15.6;17.3;15.6;;;;;1.7;0;0;267
5004;197405;7;;;4.8;5.8;25.3;10.5;12.6;11;;;;;0.3;6.3;1;266
5004;197707;7;;;6.6;6.7;32.3;15.2;17;15.2;;;;;1.1;5.6;1;303
5004;197706;7;;;5.2;5.4;27.7;11.6;13.3;11.5;;;;;0.9;26.8;6;245
5004;197705;7;;;4.9;5.1;25.2;10;11.5;9.7;;;;;0.7;0;0;227
5004;197704;7;;;4.3;4.5;23.3;8.3;9.9;8.2;;;;;0.6;3.5;1;219
5004;197703;7;;;3;3.1;19.5;5.9;7.6;6;;;;;0.7;4.6;3;219
5004;197702;7;;;1;1.3;14.4;5.6;7.7;6.2;;;;;1.1;136.9;17;83
5004;197701;7;;;1;1.2;12.6;4.8;7;5.4;;;;;0.8;143.9;20;70
5004;197612;7;;;1.2;1.4;14.2;6.2;8.3;7;;;;;1.2;163;17;41
5004;197611;7;;;1.8;2;16.7;4.6;6.4;4.8;;;;;0.5;85.6;5;162
5004;197610;7;;;2.6;2.8;20.7;9.5;11.3;9.7;;;;;0.9;92.6;10;156
5004;197609;8;;;4.8;5.4;20.4;13.8;15;13.5;;;;;1.6;222.7;6;195
5004;197710;7;;;2.7;2.9;23.2;12.5;14;12.3;;;;;1.6;104.2;10;152
5002;202107;8;;;;9.6;;;;;;;;;;;;
5004;197407;7;;;7.3;7.9;36.7;19.3;20.8;18.9;;;;;1.5;0;0;
5004;197201;7;;;1.9;1.8;11.7;2.4;4.4;2.8;;;;;3.3;189.5;11;155
5004;197112;7;;;1.8;1.6;14.2;4;6;4.2;;;;;2.1;44.3;9;141
5004;197111;7;;;3.8;2.8;16.8;4.8;6.8;4.9;;;;;3.6;1.2;1;207
5004;197110;7;;;5.5;4.8;27.3;14.3;15.7;13.7;;;;;2.3;13.7;1;223
5004;197109;7;;;6.3;6.2;30.6;15;16.7;14.6;;;;;2.6;8.5;2;258
5004;197108;7;;;7.2;8;32.7;15.9;17.7;15.4;;;;;3.2;13;2;541
5004;197107;7;;;6.4;8.3;32.1;18.1;19.3;17.1;;;;;2.3;4.9;1;
5004;197106;7;;;4.6;6.4;25.1;12.8;14.4;12.3;;;;;;25.3;4;291
5004;197105;7;;;2.4;3.5;18.4;9.8;11;9.3;;;;;;149.9;15;144
5004;197203;7;;;1.9;2.5;14.9;5.6;7.2;5.5;;;;;2.3;145.3;15;112
5002;202108;8;;;;8.3;;;;;;;;;;;;
5004;197204;7;;;4.6;5.2;21;8;9.2;7.5;;;;;1.9;16.6;2;266
5002;202106;8;;;;7.6;;;;;;;;;;;;
5002;202105;8;;;;5.8;;;;;;;;;;;;
5002;202104;8;;;;3.1;;;;;;;;;;;;
5002;202103;8;;;;3;;;;;;;;;;;;
5002;202102;8;;;;1.6;;;;;;;;;;;;
5002;202101;8;;;;1;;;;;;;;;;;;
5002;202012;8;;;;0.9;;;;;;;;;;;;
5002;202011;8;;;;1.2;;;;;;;;;;;;
5002;202010;8;;;;3.5;;;;;;;;;;;;
5002;202009;8;;;;5.1;;;;;;;;;;;;
5006;197703;7;;;3.9;3.8;21;6.1;9.6;8.3;;;;;4.3;3.7;3;232
5002;202109;8;;;;4.9;;;;;;;;;;;;
5004;197304;7;;;4.3;4.3;21.3;6.3;8;6.4;;;;;8.7;17.2;1;242
5004;197404;7;;;2.5;2.7;16.8;6.8;8.2;6.5;;;;;0.1;98.5;14;104
5004;197403;7;;;2.7;3;16.5;4.4;5.9;4.2;;;;;0.4;102.8;8;167
5004;197402;7;;;2.4;2.5;14.1;3.5;5.1;3.3;;;;;0.6;52.1;7;169
5004;197401;7;;;1.4;1.7;15;4;6.1;4.3;;;;;0;40.8;7;126
5004;197312;7;;;1.9;2.8;13.4;2.1;4.2;2.4;;;;;0.3;74.9;4;145
5004;197311;7;;;2;1.9;18.9;8.6;10.1;8.5;;;;;0.2;63.1;10;154
5004;197310;7;;;3.5;3.6;23;10.9;12.4;10.8;;;;;0.3;36;4;170
5004;197309;7;;;6.4;6.4;31.3;15.5;17.2;15.5;;;;;3;0;0;283
5004;197308;7;;;7.1;7.4;36.3;17.7;19.9;18.3;;;;;4.7;3.2;1;332
5004;197307;7;;;8.6;8.6;34.9;18;20.1;18.3;;;;;3.5;0;0;312
5004;197202;7;;;1.7;2.2;12.9;4.2;6.7;4.9;;;;;4.1;184.9;14;101
5004;197305;7;;;4.1;4;24.5;10.4;12;10.3;;;;;7.6;126;9;254
5002;202007;8;;;;9.4;;;;;;;;;;;;
5004;197303;7;;;2.9;2.9;16.5;5.4;6.3;4.8;;;;;9.5;45.1;5;178
5004;197302;7;;;2.9;2.9;14.1;2.8;4;2.7;;;;;16.1;25.4;2;197
5004;197301;7;;;1.5;1.4;13.2;2.4;3.9;2.5;;;;;5.4;83.9;8;162
5004;197212;7;;;1.3;1.4;13.6;4.8;5.9;4.7;;;;;3.4;164.7;7;135
5004;197211;7;;;1.6;1.6;17.2;8.9;9.6;8.2;;;;;2.4;39;10;122
5004;197210;7;;;1.8;2.3;20.3;12.3;12.4;10.8;;;;;3.6;224.7;16;130
5004;197209;7;;;4;4.2;25.8;13.5;14.6;15.3;;;;;0.1;52.8;5;185
5004;197208;7;;;7;7.4;33.1;17.5;18.5;17.2;;;;;0;0;0;326
5004;197207;7;;;7.4;8.1;33;16.5;18.1;16.7;;;;;0.5;12.5;1;339
5004;197206;7;;;6.2;6.8;28.5;11.6;13.6;12.2;;;;;1.2;2.7;1;308
5004;197205;7;;;4.6;5.3;23.5;9.3;10.9;9.4;;;;;1.4;27.8;9;277
5004;197306;7;;;4.9;4.9;29.2;14.3;15.6;14;;;;;1.6;23.7;6;276
5006;200105;8;;;6.2;6.3;27.1;11.2;14.2;13.3;;;;;3.6;42;9;284
5006;200205;8;;;6.1;6.2;26.8;9.9;12.7;11.9;;;;;3.7;18.9;5;311
5006;200204;8;;;4.2;4;23.4;9.1;11.8;10.9;;;;;3.5;68.8;10;250
5006;200203;8;;;3.4;3;21.8;7.9;11.1;10.3;;;;;3.2;92.2;12;224
5006;200202;8;;;2.8;2;20.1;3.2;6.2;5.6;;;;;2.2;9.6;4;185
5006;200201;8;;;2.2;1.2;17.4;5;7.2;6.5;;;;;3.1;37.3;5;177
5006;200112;8;;;2.6;1.3;16.3;4.2;7.1;6.1;;;;;3.7;52.3;10;137
5006;200111;8;;;2.8;2.1;18.8;6.2;8.2;7.7;;;;;3;100;4;206
5006;200110;8;;;3.4;3;26;13.7;15.9;15.3;;;;;2.8;95;9;178
5006;200109;8;;;4.9;6;30.4;16;18.1;17.5;;;;;3.1;62.7;4;235
5006;200108;8;;;7;8.4;36.3;17.4;19.6;18.5;;;;;3.2;0;0;339
5006;197701;7;;;1;1.1;14.4;6.2;8.2;7.9;;;;;4.2;146.8;18;100
5006;200106;8;;;10;10;35.2;15.9;18.5;16.9;;;;;3.7;0.7;1;381
5006;200208;8;;;7;6.5;34.1;16.1;18.3;17.6;;;;;2.8;0;0;311
5006;200104;8;;;6.5;5.9;25.7;8.8;11.6;10.3;;;;;4.1;0;0;299
5006;200103;8;;;2.8;3.2;21.6;9.5;12.5;11.4;;;;;4.7;110;11;206
5006;200102;8;;;2.5;2.1;18.4;5.4;8.6;7.8;;;;;3.9;29.4;8;150
5006;200101;8;;;1.1;1.1;15.6;5.8;8.9;8.1;;;;;3.8;175;17;121
5006;200012;8;;;1;0.9;16;5.6;8.3;7.8;;;;;3;141;11;109
5006;200011;8;;;1.8;1.7;18.9;6.7;10;9.3;;;;;3.3;92.8;14;140
5006;200010;8;;;4;3.9;26.4;10.1;12.6;11.6;;;;;2.9;44.9;5;228
5006;200009;8;;;6;6.3;33.1;14.7;17.2;15.9;;;;;3.5;6.5;1;254
5006;200008;8;;;8.4;8.4;36.4;17.3;20.2;18.3;;;;;3.4;0;0;331
5006;200007;8;;;8.1;9;36.1;16.5;20;18.3;;;;;3.2;0;0;356
5006;200107;8;;;9.5;9.1;34.8;15.9;18.3;17.3;;;;;4.1;0;0;359
5006;200307;8;;;7;8;35.9;17;18.7;17.9;;;;;2.2;0;0;383
5006;200407;8;;;8.8;9;36.8;17.4;19.9;19.3;;;;;2.5;0;0;350
5006;200406;8;;;8;8.1;34.5;16.7;18.9;18.5;;;;;2.6;0;0;347
5006;200405;8;;;5;5.2;24.6;10.9;13.2;12.6;;;;;3.5;86.9;9;259
5006;200404;8;;;5.4;4.4;22.5;7.6;9.8;8.8;;;;;3.8;29.5;5;265
5006;200403;8;;;3.3;2.8;19.9;6.4;8.8;8.3;;;;;3.1;68;9;203
5006;200402;8;;;2.5;2;18.1;5;7.8;7.6;;;;;3.5;105;8;156
5006;200401;8;;;1.6;0.9;17.2;4;6.7;6.3;;;;;1.7;8.3;5;154
5006;200312;8;;;1.4;1;16;4.8;7.7;7.1;;;;;2.5;142;9;131
5006;200311;8;;;1.9;1.6;19.9;9.1;11.7;11.3;;;;;2.5;101;7;155
5006;200310;8;;;2.5;3.1;23.9;12.8;15.6;15.2;;;;;3;255;18;167
5006;200206;8;;;5.8;7.1;31.7;14.4;17;16.3;;;;;2.8;1.1;1;307
5006;200308;8;;;7.9;7.8;37.5;18.9;21.7;20.4;;;;;3;0;0;339
5006;200207;8;;;7.8;7.6;35;15.7;17.5;17.1;;;;;2.5;0;0;358
5006;200306;8;;;6.7;8;33.7;16.7;19.4;18.5;;;;;2.9;0.3;1;339
5006;200305;8;;;6.3;7.8;30.3;13.2;16.9;15.2;;;;;3.7;1.6;1;337
5006;200304;8;;;3.8;4.1;22.6;9.3;12;11.2;;;;;3.7;74.3;8;240
5006;200303;8;;;3.8;3.1;22.1;8.1;11.2;10;;;;;3.8;58.6;8;193
5006;200302;8;;;2.3;1.8;17.2;3.6;5.8;5.5;;;;;3;83.5;10;170
5006;200301;8;;;2.2;1.5;15.7;3.5;6.4;5.9;;;;;3.3;61.8;10;183
5006;200212;8;;;1.3;1.2;17;7.1;10;9.4;;;;;2.6;110;13;118
5006;200211;8;;;2.1;1.9;20.5;7;10.5;9.6;;;;;2.5;145;11;154
5006;200210;8;;;3.6;3.1;25.8;12.2;14.5;13.9;;;;;3;24.9;6;207
5006;200209;8;;;4.3;4.2;29;14.9;16.9;16.3;;;;;2.8;98.7;9;209
5006;200004;8;;;3.1;3.5;20;8.2;11.1;10.4;;;;;5.7;146;14;183
5006;200309;8;;;7.8;6.8;33.8;15.6;17.6;16.8;;;;;3.3;21.5;1;295
5006;199604;8;;;4.4;4.1;24.5;9.7;12.7;11.7;;;;;4.4;50.3;6;245
5006;200006;8;;;7.3;8.7;33.4;15.4;19.6;17.7;;;;;3.6;0;0;349
5006;199706;8;;;5.1;6.9;29.1;13.8;18;16.5;;;;;3.7;25.5;4;318
5006;199703;8;;;5.8;5.4;26.3;7.4;11.8;10.2;;;;;4.6;0;0;282
5006;199702;8;;;3;2.7;21.4;6;8.8;8.3;;;;;3;0;0;188
5006;199612;8;;;1.3;1.6;16;7.1;9.7;9.3;;;;;5.7;430;20;61
5006;199611;8;;;2.4;2.2;20.4;6.7;10;9.3;;;;;3.6;95.5;5;184
5006;199610;8;;;4;4.3;26.8;10.8;13.2;12.7;;;;;3.4;29.2;3;248
5006;199609;8;;;5.8;5.6;29.3;14;16.7;15.9;;;;;4.6;33.6;5;242
5006;199608;8;;;6.6;7.5;33.7;15.7;18.6;17.7;;;;;3.5;0;0;329
5006;199607;8;;;6.9;7.7;34.8;17.1;19.6;18.7;;;;;3.7;0.4;1;343
5006;199708;8;;;6.4;7.1;33.8;16.4;19.2;18.2;;;;;3.1;0;0;305
5006;199605;8;;;4.4;5.4;25.6;11.7;14.3;13.4;;;;;4.6;122.7;9;278
5006;199709;8;;;6.3;6.1;32;16.3;19.1;18;;;;;3.7;19.2;4;247
5006;199603;8;;;2.9;3.1;20.2;7;9.7;9;;;;;4.7;36.4;8;198
5006;199602;8;;;2.6;2.2;16;3.4;5.8;5.1;;;;;4.8;23.9;6;180
5006;199601;8;;;1.1;1.3;15.1;7.5;10.2;9.8;;;;;5.2;548.6;23;65
5006;199512;8;;;1.2;1.5;17.2;8.9;11.3;10.7;;;;;5.8;525.5;22;107
5006;199511;8;;;2.4;2.5;22.1;10.9;13.5;12.7;;;;;4.4;165.4;11;132
5006;199510;8;;;4.9;5;29.3;12.6;15.3;14.3;;;;;3.8;5.9;4;224
5006;199509;8;;;6.5;7;30.4;13.2;16.1;14.8;;;;;5.5;13.3;2;281
5006;199508;8;;;7.7;9.3;36.4;17.9;20.2;18.9;;;;;4.9;0;0;319
5006;199507;8;;;8.9;10.8;37;17.6;20.3;18.3;;;;;5.1;0;0;344
5006;199506;8;;;6.3;8.2;30.9;15.2;18.4;16.9;;;;;5.3;14.6;3;276
5006;199505;8;;;7.2;9.2;31.2;13.2;17.4;14.9;;;;;5.7;6.4;1;313
5006;199606;8;;;7.3;7.7;33.3;16;18.5;17.4;;;;;4.1;0;0;356
5006;199903;7;;;3.8;2.8;21.8;6.5;9.8;8.9;;;;;4.7;24.6;7;225
5006;200410;8;;;3.2;3.4;25.9;11.3;13.3;12.7;;;;;2.6;105;12;209
5006;200003;8;;;4.7;3.9;23.4;6.8;10.4;9.2;;;;;3.3;31.4;5;219
5006;200002;8;;;3.9;3;22.6;4.4;6.9;6.2;;;;;2.8;0.9;1;217
5006;200001;8;;;2.2;1.5;15.8;0.9;3.3;2.9;;;;;2.9;26.1;5;188
5006;199912;8;;;1.8;1.1;16.5;5.2;8.3;7.6;;;;;3.5;25.6;8;133
5006;199911;8;;;2.7;1.9;19.4;4.8;7.4;6.6;;;;;2.8;4.3;4;212
5006;199910;8;;;2.6;3;24.8;13.5;15.6;15;;;;;3.6;266;16;152
5006;199909;7;;;5.5;5.6;29.9;14.8;17.6;17;;;;;3.9;6.9;2;259
5006;199908;7;;;7.9;8.2;36.1;16.5;19.3;18.2;;;;;3.8;0.6;1;327
5006;199906;7;;;6.5;6.7;33;15.1;19.4;17.5;;;;;3.2;0;0;367
5006;199707;8;;;6.3;7.1;32.5;15.9;20.1;18.4;;;;;3.1;1.5;1;325
5006;199904;7;;;6.1;6.4;25.9;8.5;12;10.5;;;;;4.8;16.9;2;285
5006;200005;8;;;3.8;5.4;26.7;13.3;16.4;15.3;;;;;2.6;112;9;263
5006;199902;7;;;3;2.6;18.8;2.8;4.3;3.8;;;;;2.6;11.2;5;205
5006;199901;7;;;1.7;1.6;16.7;19.3;4.1;3.6;;;;;2.4;29;6;189
5006;199812;7;;;2.5;2.7;17.8;2.4;3.7;3.6;;;;;2.7;27.6;3;185
5006;199811;7;;;2.7;2.8;21.7;7.8;9.9;8.7;;;;;2.9;19.8;3;178
5006;199810;7;;;4.7;4.6;26.5;9.1;11.9;11;;;;;3.4;3.5;1;240
5006;199803;8;;;5.4;4.4;25;6.3;9.9;8.6;;;;;4;46.7;3;260
5006;199802;8;;;2.9;2.5;19.3;7.9;10.5;9.7;;;;;5.7;98.8;5;174
5006;199801;8;;;1.2;1.1;16.4;4.8;7.6;7.1;;;;;2.7;92.9;8;142
5006;199712;8;;;1.1;1.3;16;6.1;9.5;9;;;;;3.3;240;15;103
5006;199711;8;;;1.5;1.6;19.5;9.6;12.7;12;;;;;4.5;273;17;131
5006;199710;8;;;3.9;3.8;27.1;13.7;16;15.4;;;;;3.5;96.9;7;222
5006;199905;7;;;6.3;7.3;28.9;12.7;16.1;14.6;;;;;4.5;14.1;3;278
5007;198710;7;;;2.6;3;21;12.1;14.1;13.5;;;;;7.2;89.9;12;
5007;198610;7;;;3.4;4.2;24.9;13.6;15.2;14.6;;;;;3.7;74;6;
5007;198809;7;;;5.8;6.7;31.6;13.9;16;14.6;;;;;6.1;0;0;
5007;198808;7;;;7.4;7.3;32.6;17.2;18.1;17.4;;;;;6.5;0;0;
5007;198807;;;;;;;;;;;;;;;;;
5007;198806;7;;;6.1;5.8;26.1;16.8;16.3;15.3;;;;;6.7;25.9;5;
5007;198805;7;;;5.2;5.4;24.2;12.5;12.9;12.8;;;;;9.5;65.9;7;
5007;198804;7;;;5.6;5.7;23.6;8.8;9.8;9.2;;;;;10.7;21.4;5;
5007;198803;7;;;4.2;4.7;21.5;5.8;7.8;7.4;;;;;6.1;3.2;2;
5007;198802;7;;;2.1;2.6;15.5;6.6;6.7;6.5;;;;;5;33.6;6;
5007;198801;7;;;1.8;1.7;15.8;5.4;9.8;9.6;;;;;2.7;111.4;17;
5007;198811;7;;;;1.2;20.3;9.6;11.7;11.2;;;;;6.3;39.4;12;
5007;198711;7;;;2.7;2.3;18.8;5.6;8.8;8.5;;;;;5.2;38.8;6;
5007;198812;7;;;;1.9;16.3;1;3.2;2.7;;;;;5.2;0;0;
5007;198709;7;;;5.2;5.6;21;12.1;14.1;13.5;;;;;7.2;89.9;3;
5007;198708;7;;;6.5;9;32.7;17.4;19.1;17.6;;;;;8;51.5;1;
5007;198707;7;;;7.6;10.2;32.6;18.1;19.7;18;;;;;8.2;6.4;2;
5007;198706;7;;;7.3;9.7;30.9;15;17.4;15.6;;;;;9.2;0.6;1;
5007;198705;7;;;5.7;6.4;26.2;11.2;13.5;12.4;;;;;6.6;1.2;1;
5007;198704;7;;;4.2;4.5;22.2;8.8;10.9;10.5;;;;;6.1;45.8;6;
5007;198703;7;;;3.3;3.5;20.5;7.1;8.8;8.5;;;;;5.2;8;1;
5007;198702;7;;;1.7;2.3;16.2;6.1;7.1;6.8;;;;;4;81.1;10;
5007;198701;7;;;2.7;3.6;14.8;3.6;5.9;5.5;;;;;2.9;141.7;9;
5007;198612;7;;;1.3;3.1;14.7;4.1;7;6.6;;;;;4.1;10;1;
5006;200408;8;;;7.6;7.9;35.7;17.3;19.5;19;;;;;3.1;4.6;2;334
5007;198712;7;;;2.2;1.8;16.3;10.8;11.8;11.6;;;;;7.4;174;18;
5007;198912;7;;;;2.6;17.5;10.6;12.7;12.4;;;;;12.4;176.1;14;
5001;196912;9;;;1.2;1.1;12.6;3.8;5.3;4.7;;;;;1.1;69.3;7;125
5007;199011;7;;;;2.2;18.9;5.5;8.2;7.3;;;;;6.1;33.8;5;
5007;199010;7;;;;4.3;23;13;15.3;14.3;;;;;7.8;71;8;
5007;199009;7;;;;6.7;30.4;18.4;19.8;19.4;;;;;4.7;1.8;1;
5007;199008;7;;;;8.4;33.9;18.3;21;20.1;;;;;4.8;0;0;
5007;199007;7;;;;7;33.6;17.6;19.9;18.8;;;;;1.6;0;0;
5007;199006;7;;;;4.4;27;14.9;20.9;16.2;;;;;6.6;0;0;
5007;199005;7;;;;4.1;25.2;12.4;14.2;14;;;;;5.5;11;2;
5007;199004;7;;;;4.1;20.5;8.1;10.1;10;;;;;9.1;114.5;8;
5007;199003;7;;;;3.7;21.1;7.9;10.2;10;;;;;6.1;19.4;7;
5007;198810;7;;;;2.6;25.2;12.7;14.9;14.1;;;;;5.9;58.5;8;
5007;199001;7;;;;1.8;14.5;5.1;6.6;6.5;;;;;6.8;83.2;8;
5006;200812;8;;;2;1.1;15;3.5;5.7;5.2;;;;;2.5;38.4;11;122
5007;198911;7;;;;3.5;19.5;11.1;13.3;12.7;;;;;9.3;215.8;14;
5007;198910;7;;;;5.8;25.7;13.4;16;14.8;;;;;9.2;49.5;4;
5007;198909;7;;;;7.1;29.6;16.3;18.5;17.6;;;;;8.5;17.6;4;
5007;198908;7;;;;9.2;32.4;19.5;21.5;20.4;;;;;9.1;0;0;
5007;198907;7;;;;8.8;34.1;19.1;21;19.9;;;;;7.5;0;0;
5007;198906;7;;;;7.8;29.9;14.9;16.9;16;;;;;9.1;0;0;
5007;198905;7;;;;5.2;26.1;10.6;12.6;11.9;;;;;6.6;15.9;3;
5007;198904;7;;;;4.5;19.1;7.1;9.3;8.6;;;;;9;63;7;
5007;198903;7;;;;2.9;20.4;5.9;7.9;7.2;;;;;6.1;20.8;5;
5007;198902;7;;;;3.1;17.5;4.7;6.9;6.2;;;;;7.1;62.4;11;
5007;198901;7;;;;2.3;15.9;2;4.3;3.8;;;;;4.1;19.7;2;
5007;199002;7;;;;2.1;18.2;6.3;8.3;8.1;;;;;4.7;0;0;
5006;200509;8;;;6.2;5.7;31.6;13.2;15.9;15.1;;;;;2.5;0;0;283
5007;198611;7;;;2.3;3.2;20.9;8.6;14.1;13.8;;;;;4.6;52.9;3;
5006;200608;8;;;6.3;7;35.2;17.2;19.8;19.3;;;;;2.6;39.1;2;334
5006;200607;8;;;6.6;7.5;36.8;16.9;19.7;18.8;;;;;2.4;0;0;342
5006;200606;8;;;6.3;7.2;31.9;15.5;17.9;17.2;;;;;2.9;26.3;6;318
5006;200605;8;;;6.7;6.8;29.5;13.2;15.9;15.1;;;;;3.3;21.4;2;281
5006;200604;8;;;4.4;3.6;24.1;10;13.2;12.4;;;;;3;35.9;7;222
5006;200603;8;;;3;3;20.2;6.4;9.8;9;;;;;2.9;88.8;7;189
5006;200602;8;;;2.2;1.4;16.3;2.2;5.6;4.9;;;;;2.5;48.1;10;160
5006;200601;8;;;1.6;1.1;14.5;2.6;5.2;4.5;;;;;2.2;85.4;8;162
5006;200512;8;;;2.3;1.2;16.3;4.3;6.7;6.2;;;;;3;51;8;154
5006;200610;8;;;4.4;4.2;26.4;13.9;16.8;16.1;;;;;2.9;166;11;
5006;200510;8;;;3.4;3;25.2;11.3;14.4;13.8;;;;;1.9;132;10;178
5006;200611;8;;;1.8;1.4;20.4;9.9;12.5;12;;;;;1.9;107;12;
5006;200508;8;;;7.1;6.8;35.9;16.2;19.3;18.3;;;;;2.3;0;0;316
5006;200507;8;;;6.3;7.8;35.4;16.5;19.2;18.3;;;;;2.3;0;0;361
5006;200506;8;;;7.3;8.4;34.5;16.1;17.6;16.9;;;;;2.7;0;0;334
5006;200505;8;;;7.2;8;29.3;12.8;14.8;14.1;;;;;3.8;41.2;5;309
5006;200504;8;;;6.4;6.2;25.4;8.7;10.5;9.7;;;;;4.1;31.7;2;281
5006;200503;8;;;3.9;3.6;21.1;7;9.4;8.6;;;;;3.9;22.4;7;197
5006;200502;8;;;4;2.8;16.9;0.1;1.4;1.3;;;;;3;43.5;5;208
5006;200501;8;;;2.5;1.7;16.4;-0.9;1.5;1.1;;;;;2;0;0;225
5006;200412;8;;;2.1;1.4;16.2;3.6;5.7;5.2;;;;;2.7;12.6;4;176
5006;200411;8;;;2.3;1.7;19.5;5.3;7.6;7.2;;;;;1.8;26.8;4;187
5006;199502;8;;;2.2;2.7;19.8;5.7;8.2;7.5;;;;;4.6;36.1;5;189
5006;200511;8;;;2.5;1.5;18.4;6.1;8.2;7.5;;;;;2.7;20.7;8;183
5006;200711;8;;;3.4;3.2;21;3.7;8.9;7.9;;;;;2.2;57.4;3;
5006;200811;8;;;3.1;1.8;18.7;4.2;6.5;5.7;;;;;2.2;9.4;2;224
5006;200810;8;;;4.1;3.1;25.1;11.5;14.6;14.2;;;;;2.6;45.3;13;182
5006;200809;8;;;5.4;5;29.5;14.3;17.5;17;;;;;2.8;50.8;7;
5006;200808;8;;;6;7.8;36.3;15.6;18.6;18.1;;;;;2.8;0;0;
5006;200807;8;;;6;9.3;36.1;16.5;18.8;18.3;;;;;3.3;0;0;
5006;200806;8;;;5.7;8.5;33.3;15.2;17.3;16.6;;;;;2.9;0;0;
5006;200805;8;;;4.6;4.7;24.6;11.7;13.7;13;;;;;3.3;75.1;12;
5006;200804;8;;;4.9;5;23.7;9.8;11.6;11;;;;;4.4;175;8;
5006;200803;8;;;4.3;4;21.8;6.2;8.3;7.6;;;;;3.4;39.9;3;
5006;200802;8;;;3.2;2.5;19.9;8.6;10.4;9.6;;;;;4;74.7;7;
5006;200609;8;;;5.6;5.1;32.6;15.6;18;17.4;;;;;2.4;38;4;249
5006;200712;8;;;1.7;1.2;16.7;4;5.6;5.2;;;;;1.9;13.7;4;
5006;200409;8;;;6.9;5.4;33;14.7;16.6;16.3;;;;;2.3;0.2;1;280
5006;200710;8;;;4.6;4.5;26.5;8.8;14;13.3;;;;;2.1;18.2;4;
5006;200709;8;;;5.6;5.6;31.2;13.8;18.6;17.9;;;;;2.2;24;5;
5006;200708;8;;;6.4;8.3;34.9;14.2;18.6;17.8;;;;;2.7;13.2;2;
5006;200707;8;;;6.8;10.1;37.4;17.4;19.1;18.1;;;;;3;0;0;
5006;200706;8;;;6;8.8;31.1;13.4;17.8;16.8;;;;;3.4;1.2;1;
5006;200705;8;;;5;7.2;27.2;12.1;14;13;;;;;3;62.6;7;
5006;200704;8;;;3.9;3.6;22.3;8.5;11.4;10.8;;;;;2.6;41.7;10;
5006;200703;8;;;4.8;4.3;21;4.7;7.9;7.3;;;;;3.7;5.3;3;
5006;200702;8;;;1.9;1.5;17.7;6.6;9.6;9;;;;;2.5;64;13;
5006;200701;8;;;1.7;1;16.6;1.3;4.1;3.6;;;;;1.4;28.3;6;
5006;200612;8;;;1.9;1.1;16.3;2.5;4.9;4.6;;;;;1.9;17;3;
5006;200801;8;;;2.1;1.5;17.7;4.9;7.5;6.9;;;;;1.9;51.9;6;
5006;198210;8;;;6.5;4.6;25;10;11.9;10.7;;;;;4.7;12.9;2;
5006;198108;7;;;8.2;8.3;35.1;17.4;20.3;18.3;;;;;5.5;;;272
5006;198309;8;;;9.3;8.2;35.3;16.6;19.4;16.6;;;;;4.6;;;
5006;198308;8;;;7.7;8.3;33.3;16.9;19.9;18.3;;;;;5.1;1;1;
5006;198307;8;;;7.4;8.3;32.9;14.6;18.5;16.7;;;;;4.8;;;
5006;198306;8;;;7.8;7.7;32.8;15.4;19.2;16.9;;;;;4.8;1;1;
5006;198305;8;;;6.3;6;24.8;10.1;13.4;11.6;;;;;5.2;8.7;3;
5006;198304;8;;;6.4;5;22;8;10.6;9.5;;;;;5.6;64.4;9;
5006;198303;8;;;6.2;4.7;23.3;6.7;9.5;8.4;;;;;5.5;11.2;2;
5006;198302;8;;;2.8;2.2;16.1;2.9;4.7;4.1;;;;;3.8;34.5;6;
5006;198301;8;;;2.9;1.9;17.6;2.3;3.9;3.1;;;;;4.1;;;
5006;198311;8;;;1.3;1.5;20.2;12;13.7;13;;;;;3.8;329.9;17;
5006;198211;8;;;2.3;1.8;18.9;7.6;9.2;8.6;;;;;4.4;97.8;6;
5006;198312;8;;;2;1.4;16.6;5.4;7.2;6.5;;;;;4.1;70;5;
5006;198209;7;;;7.7;6.8;30.8;15.5;17.6;16.5;;;;;5;8.8;3;
5006;198208;7;;;8.7;8.1;34.1;17.3;19.3;17.3;;;;;4.8;16;3;
5006;198207;7;;;8.2;8.5;33.7;15.5;17.4;16.3;;;;;4.7;8.4;1;
5006;198206;7;;;8.1;8.1;33.8;14.5;17.4;15.7;;;;;4.2;0.7;1;
5006;198205;7;;;6;6.1;27.6;11.5;14.3;13.5;;;;;3.9;;;
5006;198204;7;;;3.4;3.6;22.1;8.9;11.5;10.4;;;;;3.7;55.3;8;
5006;198203;7;;;5;4.4;22.1;5.7;9.5;7.8;;;;;4.7;53.2;5;
5006;198202;7;;;2.9;2.3;17.5;5.1;7.6;6.8;;;;;4.3;20.1;3;
5006;198201;7;;;1.5;1.4;16.5;5.9;7.8;7.1;;;;;3.2;81.2;7;
5006;198112;7;;;2.3;1.6;17.3;6.2;8.6;7.7;;;;;5.1;155.6;15;
5006;198601;7;;;1.7;1.1;14.9;3.5;5.5;4.9;;;;;3.7;31.6;7;
5006;198212;8;;;1.6;1.3;14.9;2.6;4.5;4;;;;;3.2;24.3;5;
5006;198412;;;;;;;;;;;;;;;;;
5006;199504;8;;;5.7;6.6;26.1;8;11.1;9.8;;;;;5.5;10.2;1;266
5006;198511;7;;;1.9;1.6;18.6;7.9;10;9.5;;;;;4;118.1;9;
5006;198510;7;;;6.1;4.6;29.1;12.5;14.3;12.9;;;;;4;0;0;
5006;198509;7;;;8;6.4;34.5;17.4;19.7;18.2;;;;;4.4;0;0;
5006;198508;7;;;9.4;8.6;36.6;16.3;19.9;17.4;;;;;4.6;0;0;
5006;198507;7;;;7.5;7.6;34.6;16.6;20.6;18.7;;;;;3.8;2.6;1;
5006;198506;7;;;5.4;6.1;30.4;14.4;18.4;17;;;;;3.5;24.3;1;
5006;198505;7;;;4.8;5.1;24.2;10.1;21.4;16.6;;;;;4.7;34.5;4;
5006;198504;7;;;4.2;4;23.4;8.6;11.8;10.4;;;;;4.7;92.7;14;
5006;198503;7;;;4.8;3.9;20;4.6;7.6;6.3;;;;;5;3.6;3;
5006;198310;8;;;7;5.4;28.6;12.9;15.6;13.1;;;;;4.1;15.8;3;
5006;198501;7;;;1.9;1.5;14.1;2.9;5.1;4.8;;;;;5.6;166.5;10;
5006;198107;7;;;9.9;9.8;35.3;16.9;20.8;18;;;;;5.5;3.7;1;317
5006;198411;;;;;;;;;;;;;;;;;
5006;198410;7;;;;3.9;25.8;10.4;12.8;11.6;;;;;4.7;19.9;4;
5006;198409;8;;;;6.3;32.2;14.4;16.8;15.4;;;;;4.4;0.8;1;
5006;198408;8;;;7.8;7.7;34.7;16.6;19.8;18.2;;;;;3.8;;;
5006;198407;8;;;;7.5;35.8;15.8;20.1;17.8;;;;;2.8;;;
5006;198406;8;;;;5.9;29;12.9;17.6;15.8;;;;;3.6;77.9;2;
5006;198405;8;;;;4.2;21.8;8.3;11.9;10.8;;;;;4.3;58;11;
5006;198404;8;;;;3.8;23.7;10.2;13;11.9;;;;;4.2;47.4;6;
5006;198403;8;;;;3.1;17.8;4.7;7.7;6.3;;;;;5.9;59;12;
5006;198402;8;;;3.4;2.3;17.1;2.1;4.4;4.6;;;;;4;24.3;5;
5006;198401;8;;;1.8;1.3;15.2;3.8;6;5.4;;;;;3.8;21.3;6;
5006;198502;7;;;2;1.7;17.9;7.9;10.2;9.5;;;;;5.6;67.3;11;
5006;197802;7;;;2.1;2.1;17.4;6.3;8.3;7.8;;;;;6.2;135.3;13;127
5006;198110;7;;;6;4.5;27.3;12;14;12.8;;;;;4.5;8.3;3;
5006;197901;7;;;1.5;1.8;16.2;7;9.2;8.6;;;;;4.9;103.5;12;109
5006;197812;7;;;1.2;1.8;16.2;6.9;12;11.4;;;;;5;140.9;22;77
5006;197811;7;;;2.5;2.1;20.5;6.6;8.5;7.7;;;;;3.3;20.4;4;171
5006;197810;7;;;4.2;3.9;25.5;10.6;12.3;11.3;;;;;3.3;52.5;3;183
5006;197809;7;;;6.7;5.6;33.1;15.8;17.9;16.3;;;;;3.2;5.5;1;214
5006;197808;7;;;7.8;7.7;34.5;15.5;18.5;16.5;;;;;3.8;0;0;302
5006;197807;7;;;8.8;9;35.5;15.9;20.3;17.8;;;;;3.8;0;0;340
5006;197806;7;;;4.9;6.1;26.3;13;16.7;15.1;;;;;4.3;57.3;6;224
5006;197805;7;;;4.4;5.5;23.6;10.3;13.7;12.3;;;;;4.8;50.7;5;237
5006;197903;7;;;2.9;3.5;18.1;5.7;8.6;7.6;;;;;4.4;77.3;10;164
5006;197803;7;;;3.4;3.4;20.3;5.7;7.8;7.1;;;;;4.4;24.6;5;219
5006;197904;7;;;5;4.9;21.8;7;10.4;8.9;;;;;5.7;22.9;5;221
5006;197801;7;;;2.4;1.7;15.4;5.7;7.2;6.6;;;;;5;17.7;8;134
5006;197712;7;;;1;1.2;17.4;9.7;11.2;10.6;;;;;4.2;164.4;14;97
5006;197711;7;;;2.1;1.8;18.9;7.9;8.9;8.3;;;;;3.4;112.9;7;169
5006;197710;7;;;2.8;3;25.1;13;14.5;13.7;;;;;4.3;73.9;13;167
5006;197709;7;;;6.5;6.4;32.1;16;18;16.4;;;;;4.3;2.2;2;234
5006;197708;7;;;7.5;7.2;31.7;15.1;17.9;15.8;;;;;4.3;0;0;309
5006;197707;7;;;7.2;7.9;31.7;15.3;19;16.6;;;;;4.5;0.5;1;321
5006;197706;7;;;7.1;7.1;28.4;12.7;16.9;14.8;;;;;4.9;20.4;2;272
5006;197705;7;;;6.7;6.6;26.5;10.7;14.6;12.3;;;;;5.2;0;0;263
5006;197704;7;;;5.6;5.3;24.8;8.3;11.1;9.6;;;;;4.5;0;0;217
5002;201110;8;;;;3.7;28.8;13.3;12.9;12.4;;;;;;81.9;5;
5006;197804;7;;;3.8;4.1;20.7;8.2;11.2;10.2;;;;;5.1;89.6;11;170
5006;198005;7;;;4.9;7.4;24.9;10.7;14;12.9;;;;;4.1;47.7;7;
5006;198106;7;;;8;8.8;33.5;16.1;20.4;18.1;;;;;6.4;7.5;1;285
5006;198105;7;;;6.2;6.7;26.1;10.2;14.3;12.4;;;;;5.4;13.8;4;
5006;198103;7;;;3.6;3.2;21.9;6.8;9.9;9;;;;;3.9;25.2;7;138
5006;198102;7;;;3.3;2.5;17.5;1.8;3.7;3;;;;;4.7;8.9;3;142
5006;198101;7;;;3.2;2.2;17.2;-0.1;2.2;1.4;;;;;4.3;;;189
5006;198012;7;;;3.2;2.1;16.3;1.4;3.6;2.8;;;;;4.9;;;193
5006;198011;7;;;2;1.4;18.8;6.5;9.4;8.8;;;;;4.1;110;10;169
5006;198010;7;;;4.3;3.7;25.5;10.8;13.1;12;;;;;4.1;58.1;3;189
5006;198009;7;;;7.2;5.9;33.2;16.6;19.1;17.6;;;;;4.4;21.1;;203
5006;198008;7;;;8.7;7.7;35.9;17.1;20.4;17.9;;;;;6;0;0;263
5006;197902;7;;;2;2.2;16.1;6.9;9.2;8.4;;;;;5.9;164;16;108
5006;198006;7;;;7.9;8.4;32.3;13.6;18.6;16.7;;;;;5.1;0;0;317
5006;198602;7;;;1.9;1.5;15.7;5.4;7.5;7;;;;;5.1;84.9;14;
5006;198004;7;;;4.2;4.4;23.7;8.3;11.4;9.8;;;;;4.4;9.7;3;208
5006;198003;7;;;3.3;3.3;19.7;6;9.7;8.4;;;;;4.9;35;6;161
5006;198002;7;;;1.6;1.5;17.9;4.8;6.8;6.4;;;;;3.2;39.3;9;125
5006;198001;7;;;;;;;5.3;4.9;;;;;3.4;38.1;6;125
5006;197911;7;;;2.6;2.1;20.1;5.5;11.1;6.9;;;;;3.7;8.4;2;182
5006;197910;7;;;2.3;3.1;22.4;11.8;13.7;13.2;;;;;4.5;191;16;118
5006;197909;7;;;6.1;5.8;30.6;15.2;17.4;15.7;;;;;4;10.3;1;204
5006;197908;7;;;8.5;8.7;34.8;16.9;20.6;18.4;;;;;4.5;0;0;301
5006;197907;7;;;7.9;7.4;33.5;17.5;21.4;18.8;;;;;5.1;0;0;245
5006;197906;7;;;7;8.4;31.4;14.9;19.4;17.3;;;;;4.9;1.5;2;260
5006;197905;7;;;6.7;5.3;27.8;10.8;14.8;12.7;;;;;4.6;1;1;282
5006;198007;7;;;9.6;9.2;35.3;15.1;19.5;17.3;;;;;5.4;0;0;343
5006;199112;8;;;;1.4;16.3;6;8.1;7.1;;;;;4.6;43.1;8;
5006;199006;8;;;;7.1;30.1;14;17;15.8;;;;;4.1;0;0;
5006;199211;8;;;;1.8;21.7;5.9;8.7;7.8;;;;;2.7;5.8;1;
5006;199210;8;;;;3;22.9;10.1;13.8;12.3;;;;;4.4;84.3;9;
5006;199209;8;;;;6.5;32;14.3;17;14.8;;;;;4.6;35.4;2;
5006;199208;8;;;;8.4;35.7;17.2;20.9;18.2;;;;;4.8;3.7;1;
5006;199207;8;;;;9.3;36.2;17.1;21.6;18.9;;;;;4.4;0;0;
5006;199206;8;;;;5.9;26.5;13.1;16.8;15.1;;;;;4.8;19.9;7;
5006;199205;8;;;;7.4;28.7;13.2;18.6;15.4;;;;;6;20;6;
5006;199204;8;;;;5.8;25.3;8.6;13.3;11.1;;;;;6;43.8;5;
5006;199203;8;;;;4.4;22.5;6.2;9.4;7.8;;;;;5.6;14.3;2;
5006;199301;8;;;;1.7;17;0.1;2;1.3;;;;;2.9;20.1;3;
5006;199201;8;;;;1.8;15;1.3;3.7;2.8;;;;;4.6;2.7;2;
5006;199302;8;;;;2.9;18.4;3.8;6.7;5.4;;;;;5.6;19.1;5;
5006;199111;8;;;;2.1;20.1;5.6;8.4;7.5;;;;;4;17;2;
5006;199104;8;;;;4.6;22.4;7.2;10.3;8.9;;;;;5.4;28;4;
5006;199103;8;;;;3.2;19.9;7.9;11.2;10;;;;;5.7;146.8;7;
5006;199102;8;;;;1.8;15.4;2.9;5.7;5.1;;;;;4.6;143.1;12;
5006;199101;8;;;;1.6;15.5;2.8;4.9;4.3;;;;;3.5;25.9;5;
5006;199012;8;;;;1.2;15.1;3.9;6.3;5.4;;;;;3.9;30.1;7;
5006;199011;8;;;;1.9;19.5;6.7;9.4;8.6;;;;;3.8;55.6;6;
5006;199010;8;;;;3.7;24.7;12.8;15.3;14.1;;;;;5.6;115.8;10;
5006;199009;8;;;;6.4;32.8;17.1;20.1;18.3;;;;;4.7;0;0;
5006;199008;8;;;;8.2;36.1;17.5;21;19;;;;;4;0;0;
5006;198512;7;;;1.3;1;15.9;5.4;7.8;7.1;;;;;3.7;115.6;15;
5006;199202;8;;;;2.8;18.4;3.2;5.8;4.7;;;;;4.7;54.7;6;
5006;199402;8;;;;2;17.7;3.2;6.2;5.6;;;;;4.1;56;10;
5006;197702;7;;;1;1.4;16.3;7.2;9.9;9.4;;;;;4.5;70.1;15;85
5006;199501;8;;;1.6;1.6;16.7;3.2;5.2;4.7;;;;;3.2;31.7;8;173
5006;199412;8;;;1.2;1.2;17.6;4.2;6.8;6.7;;;;;2.6;30.4;6;163
5006;199411;8;;;1.5;1.9;22.1;8.7;11.4;11;;;;;3.5;57.7;6;170
5006;199410;8;;;3.3;3.8;26.5;12.8;15.3;14.3;;;;;4.4;15.5;6;174
5006;199409;8;;;;6.6;31.7;13.2;15.7;13.7;;;;;5;5;2;
5006;199408;8;;;;7.1;36.8;17.3;19.4;17.6;;;;;4.8;0;0;
5006;199407;8;;;;10.9;38.2;17.3;19.7;18;;;;;4.5;0;0;
5006;199406;8;;;;9.1;33.3;14.6;17.5;16;;;;;5.2;18.4;2;
5006;199405;8;;;;6;26.2;11.2;14;13;;;;;5.6;126.9;12;
5006;199212;8;;;;1.4;16.4;4.9;8;7;;;;;4.6;18.5;5;
5006;199403;8;;;;4.5;24.4;7.2;9.5;8.6;;;;;4.3;0.3;1;
5006;199005;8;;;;6.9;28;12.7;17;14.3;;;;;5.1;0;0;
5006;199401;8;;;;2;16.5;2.9;5.3;4.4;;;;;4.5;37.6;5;
5006;199312;8;;;;1.4;17.8;3.3;5.8;5;;;;;3.2;0;0;
5006;199311;8;;;;1.5;18.8;7.6;9.6;8.9;;;;;3.8;46.7;9;
5006;199310;8;;;;2.8;21.9;10;12.6;11.6;;;;;5.7;119.4;19;
5006;199309;8;;;;6.8;29.6;12.7;15.7;13.9;;;;;5.4;13.5;2;
5006;199308;8;;;;8.7;34.9;16.4;18.9;17.1;;;;;5.1;0;0;
5006;199307;8;;;;8.6;36.6;19.5;20.7;18;;;;;4.1;0;0;
5006;199306;8;;;;8.7;31.4;14.5;17.3;15.4;;;;;5.2;0.2;1;
5006;199305;8;;;;5.1;24.3;10.4;13.9;14.1;;;;;4.7;48.4;8;
5006;199304;8;;;;5.7;22.6;6.7;10.1;8.7;;;;;5.3;57.4;8;
5006;199303;8;;;;3.6;22;7.8;9.7;8.1;;;;;6.8;47.5;3;
5006;199404;8;;;;6.2;23.8;6.8;9.9;8.5;;;;;5.8;43.4;10;
5006;198702;7;;;2.1;1.9;16.9;5.3;8;7.2;;;;;4.9;82.2;13;
5006;199007;8;;;;8.1;36.2;17.5;21.1;18.7;;;;;3.6;0;0;
5006;198801;7;;;1.3;1.2;16.1;6;8.7;8.2;;;;;4.6;117.3;14;
5006;198712;7;;;1.2;1.2;17.1;8.7;10.8;10.3;;;;;5.2;263.5;19;
5006;198711;7;;;2.4;1.9;19.7;7.1;9.8;8.8;;;;;4.2;86;5;
5006;198710;7;;;2.6;2.4;23;11.4;14;13.5;;;;;3.7;147.2;14;
5006;198709;7;;;6;5.2;33.6;16.9;19.8;18.5;;;;;3.8;6.9;3;
5006;198708;7;;;6.6;6.4;33.2;17.2;20.5;18.6;;;;;4.3;44.9;1;
5006;198707;7;;;6.2;7.1;32.9;17.7;21.5;19.3;;;;;4.7;25.1;2;
5006;198706;7;;;8.2;8.3;32.1;14.6;19.7;16.8;;;;;5;0;0;
5006;198705;7;;;6.6;6.7;27.5;10.9;15.5;13.4;;;;;5;0;0;
5006;198803;7;;;5.2;4.4;23.3;5.7;10.5;9;;;;;4.9;1.8;1;
5006;198703;7;;;3.8;3.4;22.6;7.3;10.9;9.6;;;;;4.7;15.6;2;
5006;198804;7;;;4.7;4.9;23.8;9;12.2;11.2;;;;;5.3;11.8;5;
5006;198701;7;;;1.9;1.6;15;3.9;6.3;5.5;;;;;5.6;127.2;13;
5006;198612;7;;;1.8;1.4;16;3.4;5.8;5;;;;;3.3;33.4;3;
5006;198611;7;;;2.7;2.1;20.7;6.5;8.5;7.9;;;;;3.8;61.9;4;
5006;198610;7;;;3.6;3.3;26.2;12.9;15;14.2;;;;;3.6;34.3;7;
5006;198609;7;;;6.5;5.3;31.3;16.1;19.3;17.9;;;;;3.6;22.3;3;
5006;198608;7;;;7.6;7.1;34.2;15.2;19;17.1;;;;;3.4;0;0;
5006;198607;;;;;;;;;;;;;;;;;
5006;198606;7;;;5.6;6.8;30.8;14.4;18.7;17;;;;;3.3;4.6;2;
5006;198605;7;;;6.7;6.5;29.2;12.3;16.9;14.6;;;;;4.7;3.7;2;
5006;198604;7;;;4.1;3.6;19.1;5.7;8.7;7.6;;;;;4.9;67.1;9;
5006;198603;7;;;3.3;3.4;20;6.5;9.6;8.3;;;;;4.6;77.7;7;
5006;198704;7;;;4.7;4.4;24.4;9.9;13;11.4;;;;;5.4;44.2;8;
5006;198904;7;;;;4.3;21.1;7.5;10.5;9.4;;;;;6.1;93.5;7;
5006;199004;8;;;;5.2;21.7;8.5;11.6;9.7;;;;;6.4;91.1;12;
5006;199003;8;;;;4.5;23;9.3;12.4;9.9;;;;;6.9;15.9;4;
5006;199002;8;;;;2.2;20.9;6;8.3;7.7;;;;;3.2;0.2;1;
5006;199001;8;;;;1.3;15.7;4.4;6.4;5.8;;;;;3.3;70.7;8;
5006;198912;8;;;;1.6;17.3;10;12.2;11.4;;;;;6.5;342.2;22;
5006;198911;8;;;;3.1;20.3;10.4;12.8;11.8;;;;;4.8;315;14;
5006;198910;8;;;;3.4;27.3;13.8;17.6;15.2;;;;;3.5;94.1;10;
5006;198909;7;;;;3;30.8;15.3;17.9;16;;;;;3.1;37.4;4;
5006;198908;7;;;;6.4;34.5;18.4;21.5;19.6;;;;;3.8;1.6;2;
5006;198907;7;;;;8.1;36.8;18.2;27.5;22.6;;;;;3.7;0;0;
5006;198802;7;;;2.6;2.2;17.4;4.8;7.8;6.8;;;;;4.4;9.3;6;
5006;198905;7;;;;6.3;28.1;11.9;15.6;13.9;;;;;4.6;16.5;5;
5006;199503;8;;;4.4;5;24;6.3;8.9;7.9;;;;;5.5;10.3;2;255
5006;198903;7;;;;3.7;22.7;6.7;10.7;9;;;;;4.3;23.3;4;
5006;198902;7;;;;2.4;18.4;4.7;7.9;6.8;;;;;5.3;48.2;8;
5006;198901;7;;;;1.5;16.3;2.6;4.7;3.9;;;;;4;39.1;5;
5006;198812;7;;;;1.4;16.8;2.2;4.2;3.5;;;;;3.6;0;0;
5006;198811;7;;;;1.5;19.6;10.1;12.6;11.7;;;;;3.6;152.5;12;
5006;198810;7;;;;3;25.5;12.5;15.9;14.6;;;;;3.3;61.7;9;
5006;198809;7;;;;6.7;33.6;14.7;17.7;15.5;;;;;3.2;0;0;
5006;198808;7;;;6.7;7.4;35.5;16.5;20.1;18.1;;;;;3.4;0;0;
5006;198807;;;;;;;;;;;;;;;;;
5006;198806;7;;;3.9;5.6;27.2;14.5;18;17;;;;;4.2;67.5;8;
5006;198805;7;;;4;5;24.8;11.5;15.4;14.2;;;;;4.4;102.3;8;
5006;198906;7;;;;7.8;32.7;14.9;19.4;17;;;;;4.3;0;0;
5001;200410;8;;;3.5;3.4;23.7;12.1;13.4;13.1;;;;;;61.2;10;
5001;200510;8;;;2.8;3.2;25.8;12.2;14;13.6;;;;;;59.1;7;
5001;200509;8;;;5;5.3;30.8;14.4;15.6;15.2;;;;;;48;4;
5001;200508;8;;;6.8;7.5;36.7;18.7;19.8;18.8;;;;;;0;0;
5001;200507;8;;;6.9;9;36.7;18.5;21.2;19.5;;;;;;0;0;
5001;200506;8;;;7;8.7;35;17.9;19;17.6;;;;;;0;0;
5001;200505;8;;;5.8;7.1;28.8;12.5;17.5;13.6;;;;;;15.5;6;
5001;200504;8;;;4.5;5.7;23.5;7.9;9.6;9;;;;;;11.9;4;
5001;200503;8;;;2.6;2.7;18.9;6.3;8.2;7.7;;;;;;25.2;8;
5001;200502;8;;;2.2;2.2;15.4;0.6;2.7;2.5;;;;;;63.9;8;
5001;200501;8;;;2;1.1;16.7;0.2;2.1;2.2;;;;;;0;0;
5001;201609;8;;;6.4;;;;;;;;;;;4.4;1;
5001;200411;8;;;2.3;1.7;21.7;5.4;7.4;7.1;;;;;;12.5;4;
5001;200601;8;;;1.1;1;13.6;1.5;4.4;3.9;;;;;;86.1;15;
5001;200409;8;;;5.5;5.7;35.1;16.2;17.8;16.9;;;;;;2.7;2;
5001;200408;8;;;6.3;7.9;35.8;18.9;20.4;19;;;;;;0;0;
5001;200407;8;;;7.4;8.9;35.9;19.2;20.6;21.5;;;;;;0.7;2;
5001;200406;8;;;6.1;6.9;34;17.8;19.1;18;;;;;;2.6;1;
5001;200405;8;;;2.8;3.5;22.2;10.5;12.1;11.4;;;;;;126;10;
5001;200404;8;;;2.8;3.5;20.8;7.7;9.5;8.9;;;;;;44.8;9;
5001;200403;8;;;2;2.4;18.6;5.6;7.4;7.2;;;;;;100;11;
5001;200402;8;;;1.5;1.7;17.5;5.5;7.5;7.1;;;;;;55.1;9;
5001;200401;8;;;1.1;1.1;15.1;4.1;6.4;6.1;;;;;;34.8;9;
5001;200312;8;;;1.1;0.9;14.6;4.5;6.8;6.7;;;;;;87.7;14;
5001;200412;8;;;1.4;0.9;14.6;3.7;5.7;5.4;;;;;;44.1;6;
5001;200612;8;;;1.2;0.7;15.1;3.2;5.3;5;;;;;;32.9;5;
5001;200712;8;;;1.5;0.9;15.9;3.9;5.4;5;;;;;;16.3;4;
5001;200711;8;;;2.4;1.6;20.7;6.3;7.7;7.2;;;;;;15.7;3;
5001;200710;8;;;2.7;2.9;25.6;11.1;12.1;11.7;;;;;;40.9;5;
5001;200709;8;;;4.3;4.5;30.9;15.4;16.7;16.3;;;;;;33.1;6;
5001;200708;8;;;6.6;7;35.5;18.1;19.2;18;;;;;;0;0;
5001;200707;8;;;7.3;8.7;36.6;18.1;20.1;18.6;;;;;;0;0;
5001;200706;8;;;5.4;7.6;30.3;14.4;16.3;15.3;;;;;;0.1;1;
5001;200705;8;;;4.5;5.6;25.5;11;12.9;12.3;;;;;;99.7;8;
5001;200704;8;;;2.3;2.6;19.4;7.8;9.7;9.4;;;;;;66.1;16;
5001;200703;8;;;3.2;2.9;19.6;4.2;6.4;5.9;;;;;;19.2;5;
5001;200511;8;;;1.7;1.7;17.7;5.5;7.7;7.5;;;;;;36.2;9;
5001;200701;8;;;1.9;1.4;16.8;2.5;;;;;;;;26.9;7;
5001;200512;8;;;1.3;1;14.6;4.4;6.2;5.9;;;;;;37.9;8;
5001;200611;8;;;1.8;1.1;19.7;9.2;10.7;10.4;;;;;;61.3;13;
5001;200610;8;;;3.5;3;26.4;13.6;15;14.5;;;;;;61.2;9;
5001;200609;8;;;5.4;5.2;32.1;16.3;17.2;16.5;;;;;;31.7;4;
5001;200608;8;;;6.6;6.8;35.3;18.5;19.5;18.7;;;;;;14.5;1;
5001;200607;8;;;7.7;8.3;37.1;19.2;20.6;19.4;;;;;;0;0;
5001;200606;8;;;6.1;7;32.6;16.4;17.8;16.9;;;;;;22.3;3;
5001;200605;8;;;5.5;6.1;28.6;13.5;15.1;14.3;;;;;;47.5;3;
5001;200604;8;;;3.7;4.6;24.4;10.1;11.9;11.5;;;;;;17;4;
5001;200603;8;;;2.4;2.6;19.7;6.4;7.8;7.7;;;;;;81.5;7;
5001;200602;8;;;1.6;1.6;15.4;3.4;5.2;5;;;;;;61.9;10;
5001;200309;8;;;5.2;5.9;32;16;17.7;16.8;;;;;;47.2;3;
5001;200702;8;;;1.1;1.5;15.1;6;7.9;7.6;;;;;;69.3;17;
5001;200007;8;;;6.9;8.8;35.4;17.2;19.3;16.4;;;;;;0;0;
5001;200311;8;;;1.3;1.3;18.6;8.3;10.1;9.8;;;;;;57.1;11;
5001;200106;8;;;6.1;8.7;34.1;16.1;17.8;15.2;;;;;;7.4;2;
5001;200105;8;;;3;5.2;24.6;11.1;13;11.9;;;;;;59.4;10;
5001;200104;8;;;2.8;5;23.9;8.4;10.6;9.5;;;;;;0;0;
5001;200103;8;;;1.4;2.2;19.7;8.2;9.8;9.4;;;;;;103;12;
5001;200102;8;;;1.4;1.7;17.5;4.6;6.4;6.1;;;;;;29.2;8;
5001;200101;8;;;0.6;1;13.9;4.7;7.2;6.7;;;;;;110;19;
5001;200012;8;;;1.1;1;14.6;5.7;7.6;7.2;;;;;;179;17;
5001;200011;8;;;1.2;1.2;16.4;5.9;8.4;8.2;;;;;;87.4;15;
5001;200010;8;;;2.3;2.9;23.8;10.1;11.7;11.1;;;;;;53.1;12;
5001;200108;8;;;4.9;7;35.9;18.4;19.9;18.7;;;;;;0.8;1;
5001;200008;8;;;7;8.4;35.7;17.6;22.2;16.7;;;;;;0;0;
5001;200109;8;;;3.4;4;30.1;15.9;17.6;17;;;;;;49;5;
5001;200006;8;;;5.9;8.7;33.3;16.3;18.1;15.9;;;;;;0.4;1;
5001;200005;8;;;3.1;4.9;25.6;12.3;14.1;13.9;;;;;;53.8;9;
5001;200004;8;;;2;3;18.3;6.8;8.8;8.8;;;;;;124;20;
5001;200003;8;;;3.1;3.9;22.1;6.6;8.3;8.3;;;;;;29.5;5;
5001;200002;8;;;2.6;2.8;21.5;4.9;6.4;5.7;;;;;;0;0;
5001;200001;8;;;1.2;1.2;14.7;1.1;3.1;2.8;;;;;;12.8;4;
5001;199912;8;;;0.9;0.8;14.5;4.6;6.7;6.5;;;;;;94.1;12;
5001;199911;8;;;1.4;1.6;18.3;5;6.9;6.8;;;;;;29.6;5;
5001;199910;8;;;1.8;2.3;23.9;12.7;14.4;13.9;;;;;;166;14;
5001;199909;8;;;4.3;5.1;29.8;14.2;15.9;15.6;;;;;;34.4;2;
5001;199908;8;;;6.9;7.7;35.8;18.1;19.2;18.4;;;;;;1;2;
5001;200009;8;;;4.9;6.4;32.3;15.3;16.3;14.6;;;;;;16.5;3;
5001;200209;8;;;4;5;29.4;14.9;16.4;15.6;;;;;;10.8;6;
5001;200803;8;;;2.6;3.2;20.2;5.4;7.1;6.8;;;;;;25;5;
5001;200308;8;;;8.4;8.5;37.9;20;21.3;19.8;;;;;;14.5;1;
5001;200307;8;;;8;9;36;17.9;19.7;18.2;;;;;;0;0;
5001;200306;8;;;6.6;7.9;34.2;17.5;19.8;18.3;;;;;;0;0;
5001;200305;8;;;4.7;6.8;28.4;12.8;14.9;14.1;;;;;;6.8;3;
5001;200304;8;;;2.3;3.5;21.5;8.4;10.3;10;;;;;;32.1;9;
5001;200303;8;;;2.3;2.9;20.5;8;9.7;9;;;;;;65;8;
5001;200302;8;;;1;1.4;14.3;2.9;5.1;4.8;;;;;;112;11;
5001;200301;8;;;1.2;1.2;13.8;2.6;4.6;4.5;;;;;;87.9;10;
5001;200212;8;;;0.9;1;15.7;6.2;8.2;8;;;;;;94.4;15;
5001;200107;8;;;5.2;8;34.4;16.6;18.5;16.5;;;;;;1.2;1;
5001;200210;8;;;2.2;3.1;25.1;12.9;14;13.6;;;;;;43.5;8;
5001;200310;8;;;1.5;2.2;22.5;12.4;14;13.6;;;;;;137;20;
5001;200208;8;;;5.9;7.3;34.5;17;18.5;17.4;;;;;;0;0;
5001;200207;8;;;5.9;8;35.5;17.5;19.1;17.2;;;;;;0;0;
5001;200206;8;;;4.8;8;32.9;15.5;17.4;15.3;;;;;;1.9;2;
5001;200205;8;;;3.9;6.3;26.1;10.5;12.5;10.9;;;;;;19.3;4;
5001;200204;8;;;2.3;3.7;20.7;8;10;9.3;;;;;;78.3;12;
5001;200203;8;;;2.1;2.8;20;7.7;9.6;8.8;;;;;;68.5;11;
5001;200202;8;;;1.8;2.2;19.1;3.7;6.2;5.6;;;;;;13;3;
5001;200201;8;;;1.3;1.1;16.5;3.9;6.3;5.8;;;;;;39.3;7;
5001;200112;8;;;1.5;0.9;15.2;4.5;6.7;5.9;;;;;;53.2;9;
5001;200111;8;;;1.6;1.3;17.5;5.6;7.4;7;;;;;;46.2;5;
5001;200110;8;;;2.1;2.2;26.2;13.3;15.3;14.7;;;;;;119;6;
5001;200211;8;;;1.5;1.8;18.4;7;9.2;9;;;;;;137;15;
5001;201306;8;;;6.6;;;;;;;;;;;0;0;
5001;201206;8;;;7.6;;;;;;;;;;;0;0;
5001;201405;8;;;5.8;;;;;;;;;;;9.5;3;
5001;201404;8;;;3.9;;;;;;;;;;;30.7;7;
5001;201403;8;;;2.8;;;;;;;;;;;34.7;6;
5001;201402;8;;;1.1;;;;;;;;;;;107.7;18;
5001;201401;8;;;1.2;;;;;;;;;;;93.6;17;
5001;201312;8;;;1.8;;;;;;;;;;;121.5;7;
5001;201311;8;;;2.2;;;;;;;;;;;11.6;7;
5001;201310;8;;;2.8;;;;;;;;;;;18.7;3;
5001;201309;8;;;4.5;;;;;;;;;;;27.5;3;
5001;201407;8;;;8.7;;;;;;;;;;;0.1;1;
5001;201307;8;;;7.7;;;;;;;;;;;0.8;1;
5001;201408;8;;;8.7;;;;;;;;;;;0.3;2;
5001;201305;8;;;3.9;;;;;;;;;;;40.9;9;
5001;201304;8;;;3.2;;;;;;;;;;;49.7;9;
5001;201303;8;;;1.7;;;;;;;;;;;184.8;20;
5001;201302;8;;;2.1;;;;;;;;;;;62;10;
5001;201301;8;;;1.1;;;;;;;;;;;130.1;15;
5001;201212;8;;;1;;;;;;;;;;;36.9;9;
5001;201211;8;;;1.2;;;;;;;;;;;205.2;17;
5001;201210;8;;;2.6;;;;;;;;;;;120.3;10;
5001;201209;8;;;5.7;;;;;;;;;;;100.4;4;
5001;201208;8;;;10.6;;;;;;;;;;;0;0;
5001;200801;8;;;1.1;0.9;16.8;3.7;6.1;5.9;;;;;;56.8;8;
5001;201308;8;;;8.5;;;;;;;;;;;4.8;2;
5001;201508;8;;;8.7;;;;;;;;;;;0.2;1;
5002;201112;8;;;;0.9;14.1;5.8;6.3;5.9;;;;;;10;7;
5001;201607;8;;;9.2;;;;;;;;;;;1.1;3;
5001;201606;8;;;8;;;;;;;;;;;0;0;
5001;201605;8;;;4.8;;;;;;;;;;;64.5;10;
5001;201604;8;;;3.8;;;;;;;;;;;71.4;10;
5001;201603;8;;;3.4;;;;;;;;;;;24.6;8;
5001;201602;8;;;2;;;;;;;;;;;86.9;15;
5001;201601;8;;;1.2;;;;;;;;;;;64.9;16;
5001;201512;8;;;1.6;;;;;;;;;;;2.8;4;
5001;201511;8;;;2.2;;;;;;;;;;;38.9;3;
5001;201406;8;;;6.7;;;;;;;;;;;20.1;5;
5001;201509;8;;;4.5;;;;;;;;;;;53.2;8;
5001;201205;8;;;5.6;;;;;;;;;;;33.3;4;
5001;201507;8;;;8.2;;;;;;;;;;;0;0;
5001;201506;8;;;8.4;;;;;;;;;;;0.2;1;
5001;201505;8;;;7.6;;;;;;;;;;;0;0;
5001;201504;8;;;3.8;;;;;;;;;;;39.8;7;
5001;201503;8;;;3.4;;;;;;;;;;;22.3;9;
5001;201502;8;;;2.2;;;;;;;;;;;34.1;12;
5001;201501;8;;;1.7;;;;;;;;;;;42.4;9;
5001;201412;8;;;1.3;;;;;;;;;;;21;6;
5001;201411;8;;;1.7;;;;;;;;;;;123.4;14;
5001;201410;8;;;4.9;;;;;;;;;;;62.1;5;
5001;201409;8;;;4.7;;;;;;;;;;;7.1;6;
5001;201510;8;;;2.3;;;;;;;;;;;80.5;12;
5001;200902;8;;;1.7;1.4;16;3.7;5.2;5;;;;;;76;11;
5001;201207;8;;;9.1;;;;;;;;;;;0;0;
5001;201001;8;;;1.2;0.9;12.4;4.3;6.2;6;;;;;;147;14;
5001;200912;8;;;1.1;0.7;14.1;5.4;7.8;7.5;;;;;;294;21;
5001;200911;8;;;3.3;1.6;21.6;7.2;9.3;8.9;;;;;;31.1;6;
5001;200910;8;;;4.9;3.1;28.5;12.7;14;13.7;;;;;;36.5;3;
5001;200909;8;;;5.4;4.4;30;15.9;16.7;16.3;;;;;;22.3;4;
5001;200908;8;;;7.7;7.1;36.5;18.6;20.5;19.1;;;;;;17.2;1;
5001;200907;8;;;8.8;8.2;37;18.8;20;18.7;;;;;;0;0;
5001;200906;8;;;7.3;8.5;33.3;16.8;18.2;17.1;;;;;;4.3;1;
5001;200905;8;;;5.3;7;28.1;11.8;13.6;12.9;;;;;;15.1;3;
5001;201003;8;;;2.7;1.8;16.5;6.5;8.3;7.9;;;;;;97.8;13;
5001;200903;8;;;2.6;3;20.7;7.5;9.2;8.6;;;;;;78.3;10;
5001;201004;8;;;4;3.8;22.3;9.7;11.3;10.9;;;;;;15.8;5;
5001;200901;8;;;0.8;0.7;11.6;2.7;4.7;4.8;;;;;;128;16;
5001;200812;8;;;0.9;0.6;12.7;3.1;4.7;4.5;;;;;;91.2;13;
5001;200811;8;;;1.6;1.2;16.6;4.6;6;5.9;;;;;;93.8;9;
5001;200810;8;;;2.8;2.3;23.7;11.3;13.1;12.8;;;;;;109;13;
5001;200809;8;;;4;4.6;30.2;15.3;16.6;16;;;;;;48.1;8;
5001;200808;8;;;7.4;8.2;36.2;18.2;19.8;18.6;;;;;;0;0;
5001;200807;8;;;6.3;8.3;35.9;18;19.2;18;;;;;;9.1;2;
5001;200806;8;;;5.9;7.9;32.6;15.7;17;16;;;;;;9.1;3;
5001;200805;8;;;2.8;4.8;23.5;11.5;12.9;12.5;;;;;;59.3;11;
5001;200804;8;;;3.1;3.8;22.6;8.1;10.1;9.6;;;;;;133;9;
5001;199905;8;;;4.9;5.8;27.7;12.5;14.5;12.2;;;;;;14.8;6;
5001;200904;8;;;3.2;4.2;20.9;6.3;7.8;7.3;;;;;;39.8;7;
5001;201104;8;;;3.9;;;;;;;;;;;66.8;12;
5001;201204;8;;;3;;;;;;;;;;;79.9;11;
5001;201203;8;;;3.7;4.1;20.4;5.4;7.3;6.7;;;;;;15.9;2;
5001;201202;8;;;3;2.2;14.7;-0.3;1.3;1;;;;;;10.3;2;
5001;201201;8;;;1.5;0.9;15.9;2.7;4.3;4;;;;;;26.1;4;
5001;201112;8;;;1.2;0.7;15.2;4.2;5.5;5.3;;;;;;18.3;6;
5001;201111;8;;;1.3;1;17.9;8;9.7;9.3;;;;;;104.7;11;
5001;201110;8;;;3.9;3.3;26.4;13.2;14.5;13.7;;;;;;27.2;3;
5001;201109;8;;;5.7;4.9;31.9;16.5;17.7;17;;;;;;20.7;2;
5001;201108;8;;;7.1;7.3;36.2;18.9;20.2;19.1;;;;;;0;0;
5001;201107;8;;;7.8;8.2;35.8;18.2;19.9;18.6;;;;;;0;0;
5001;201002;8;;;1.4;1.7;13.1;5.2;7.7;7.3;;;;;;220;22;
5001;201105;8;;;4;4.6;25.8;13.8;15.5;14.8;;;;;;61;7;
5001;200802;8;;;2.2;1.9;19.4;6.3;8.5;8.1;;;;;;36.3;6;
5001;201103;8;;;2.8;;;;;;;;;;;65.5;9;
5001;201102;8;;;2;;;;;;;;;;;66.1;6;
5001;201101;8;;;1.1;;;;;;;;;;;63.5;11;
5001;201012;8;;;1.5;;;;;;;;;;;132.8;15;
5001;201011;8;;;1.5;;;;;;;;;;;70.8;12;
5001;201010;8;;;3.8;3.1;23.9;10.5;12.1;11.6;;;;;;36.4;5;
5001;201009;8;;;6;;;;;;;;;;;14;5;
5001;201008;8;;;8.2;;;;;;;;;;;29;3;
5001;201007;8;;;10;;;;;;;;;;;0;0;
5001;201006;8;;;7.2;6.5;27.5;15.4;16.8;16;;;;;;21.5;6;
5001;201005;8;;;5.4;6;24.6;11.2;12.7;12.1;;;;;;13.7;4;
5001;201106;8;;;6.3;6.7;31.1;16.7;18.2;16.9;;;;;;3.2;1;
5001;197504;7;;;3.1;4.2;18.7;7.6;9.2;;;;;;;110.1;11;
5001;197404;7;;;2;3.1;16;7.3;9.5;8.4;;;;;;109.3;21;
5001;197603;7;;;2.9;3.3;16.9;4.9;8;6.7;;;;;;54.9;10;
5001;197602;7;;;1.7;2.1;14.6;4.6;6.6;6.1;;;;;;120.4;12;
5001;197601;7;;;2.3;1.8;15.5;0.7;3.1;2.6;;;;;;31;3;
5001;197512;7;;;1.3;1.2;13.2;3.6;5.5;5.2;;;;;;54.8;11;
5001;197511;7;;;3.1;2.9;18.7;5.1;8.9;6.6;;;;;;18.5;4;
5001;197510;7;;;4.4;4.3;26;11;13.9;12.4;;;;;;5.6;4;
5001;197509;7;;;5.8;6;28.6;13.3;13.4;;;;;;;2.6;3;
5001;197508;7;;;8.3;8.6;34.5;18.3;17.7;;;;;;;0;0;
5001;197507;7;;;9.6;10;36.3;18.5;15.8;;;;;;;0;0;
5001;197605;7;;;4.4;5.5;24.1;11.5;13.8;12.6;;;;;;22.1;7;
5001;197505;7;;;3.6;4.9;21;10;10.7;;;;;;;41.8;9;
5001;197606;7;;;7.4;8.5;31;16.2;20;15;;;;;;36.3;5;
5001;197503;7;;;2;2.7;14.5;5.2;6.4;;;;;;;153.4;19;
5001;197502;7;;;2;2.2;15.2;6;7;;;;;;;82.5;12;
5001;197501;7;;;1.9;1.4;14.8;4.1;5.4;;;;;;;68.6;11;
5001;197412;7;;;2.1;1.6;17.4;4.4;5;;;;;;;4.3;2;
5001;197411;7;;;2.8;2.3;18.8;6.9;8.3;;;;;;;25;4;
5001;197410;7;;;4.2;4.1;21.4;8.3;9.9;;;;;;;23.6;6;
5001;197409;7;;;6.6;6.6;29.6;14.7;17.7;14.8;;;;;;4.3;1;
5001;197408;7;;;8.5;8.8;33.4;18;20.4;18.2;;;;;;0;0;
5001;197407;7;;;8.3;9.3;34.7;18.7;22.5;18.2;;;;;;3.8;2;
5001;197406;7;;;4.9;6.6;28;15.2;18.6;16.2;;;;;;63.4;5;
5001;197807;7;;;9.5;10;35.4;18;21.8;16.5;;;;;;0;0;
5001;197506;7;;;4.8;6.5;26.8;13.7;15.1;;;;;;;41.3;5;
5001;197706;7;;;6.2;7.2;26.8;12.3;15.3;13.4;;;;;;19.7;2;
5001;199907;8;;;7.2;8.8;36.6;18.4;20.2;17;;;;;;0;0;
5001;197805;7;;;3.5;4.9;21.3;10.5;13.3;11.7;;;;;;41;9;
5001;197804;7;;;2.6;3.3;17.8;7.9;10;9.4;;;;;;68.8;14;
5001;197803;7;;;2.8;3.3;18.3;6.2;9.3;7.8;;;;;;83.7;10;
5001;197802;7;;;2;2.1;15.9;6;8.2;7.6;;;;;;100.6;14;
5001;197801;7;;;1.4;1.2;12.5;4.1;6.3;5.5;;;;;;46.3;11;
5001;197712;7;;;1.4;1.2;15.8;8.2;9.8;9.3;;;;;;118.4;14;
5001;197711;7;;;1.9;2.1;18.2;7.7;9.7;8.7;;;;;;74.7;8;
5001;197710;7;;;2.8;2.8;23.3;12.4;14.7;13.5;;;;;;54.1;11;
5001;197709;7;;;5.7;5.9;30.5;16.4;19.3;15.8;;;;;;13;3;
5001;197604;7;;;2.5;3.5;16.6;7.2;9.1;8.6;;;;;;114.9;17;
5001;197707;7;;;7.2;8;30.1;15.8;19.4;16;;;;;;16.7;1;
5001;197403;7;;;2.4;2.8;15.7;4.9;7.4;6.7;;;;;;70.4;13;
5001;197705;7;;;5.8;6.2;23.9;10.1;13.5;10.8;;;;;;11.7;6;
5001;197704;7;;;4.8;5.1;22.8;8.8;11.6;10.2;;;;;;1.8;2;
5001;197703;7;;;3.2;3.7;19.5;7.4;10.4;8.3;;;;;;31.2;6;
5001;197702;7;;;1.1;1.4;13.2;6.1;7.9;7.6;;;;;;93;18;
5001;197701;7;;;1;1.3;12.4;5.1;6.9;6.4;;;;;;142.9;19;
5001;197612;7;;;1.1;1.1;13.4;6.1;7.9;7.6;;;;;;189.7;20;
5001;197611;7;;;1.5;1.8;15.4;4.1;6.5;5.9;;;;;;59.2;5;
5001;197610;7;;;2.2;2.8;19.1;9;11.6;11;;;;;;153.4;17;
5001;197609;7;;;5.1;5.4;27.6;13.4;16.2;13.6;;;;;;29.3;6;
5001;197608;7;;;8.1;8.3;33.6;17.7;19.7;17;;;;;;20.4;1;
5001;197607;7;;;7.6;8.3;33.4;18.1;21.2;17.6;;;;;;3.5;2;
5001;197708;7;;;7;7.8;30.8;14.9;17.7;15.5;;;;;;7.6;2;
5001;197012;7;;;1.5;1.3;12.3;2.7;4.7;3.8;;;;;1;81.2;7;198
5001;197405;7;;;4.7;5.8;24.9;11.6;14.5;12.8;;;;;;3.9;2;
5001;197111;7;;;1.9;1.7;14.6;4.7;6.9;6;;;;;0.3;37.5;8;
5001;197110;7;;;4;4;26.2;14.3;17.1;14.2;;;;;0.7;2.7;3;251
5001;197109;7;;;5.2;6;29.7;16.4;19.7;16.9;;;;;0.8;49.3;3;262
5001;197108;7;;;7.2;7.8;32.6;17.6;22.6;17.3;;;;;1.1;2.7;2;321
5001;197107;7;;;6.8;8.6;32.5;18;22.7;18.7;;;;;1.5;0;0;
5001;197106;7;;;4.7;6.2;25.9;13.2;18.6;14.9;;;;;1.7;29.7;5;298
5001;197105;7;;;2.2;3.7;18.2;10.2;13;11.7;;;;;2.1;111.9;21;165
5001;197104;7;;;2.3;3;16.5;8.3;11.6;10;;;;;2;135.1;20;162
5001;197103;7;;;2.7;3.1;14.2;4.6;7;5.7;;;;;2.4;96.5;11;116
5001;197201;7;;;1.6;1.4;11.1;2.8;4.6;4.3;;;;;1.4;118.6;13;
5001;197101;7;;;1.2;1.1;11.5;4.1;6;5.2;;;;;2.1;149.7;19;115
5001;197202;7;;;1.9;1.8;12.4;5.3;7.2;6.4;;;;;2.4;74.2;15;89
5001;197011;7;;;3;2.7;20.3;9.7;11.8;9.7;;;;;1.4;55.5;9;176
5001;197010;7;;;4.2;3.8;23.3;11.5;14.7;11.5;;;;;1.2;4.9;5;249
5001;197009;9;;;7.7;7.7;32.3;17.6;21.3;16.5;;;;;1.9;;;316
5001;197008;9;;;7.7;8.2;32.9;17.9;23.5;17;;;;;1.7;;;352
5001;197007;9;;;8.7;9.7;34.8;19;24.2;18.6;;;;;1.8;;;
5001;197006;9;;;5.2;5.8;27.7;14.5;20.5;16;;;;;1.4;27.6;4;295
5001;197005;9;;;5;5.9;24.1;11.1;15.6;12.2;;;;;1.4;31.4;9;282
5001;197004;9;;;3.9;4.5;20.5;8.3;12.8;10.3;;;;;1.3;37.5;7;240
5001;197003;9;;;2.3;2.6;15.7;5.6;8;6.9;;;;;1.3;50.1;11;
5001;197002;9;;;2.1;2.3;17.3;6;7.5;6.2;;;;;1.3;19.8;6;195
5001;197001;9;;;0.9;0.7;14.9;8.2;8.7;7.6;;;;;2;240.3;22;88
5001;197102;7;;;2.5;2;15.4;4.6;7;5.6;;;;;1.6;9.1;4;161
5001;197302;7;;;2;2;13.1;3.1;5;4.3;;;;;32.5;37.8;7;
5001;197402;7;;;1.8;1.9;13;3.6;6;5.3;;;;;;72.7;11;
5001;197401;7;;;1.3;1.2;14.4;4.7;6.4;6.1;;;;;0.4;41.1;13;
5001;197312;7;;;1.7;1.4;12.8;3;5.5;4.5;;;;;1;100.2;9;
5001;197311;7;;;2.2;1.6;21.1;9.2;15.2;10;;;;;0.7;36.6;8;
5001;197310;7;;;3.8;3.8;22.4;11.5;14.9;12.2;;;;;1;55;5;
5001;197309;7;;;6.9;6.8;30.5;15.7;19.5;16;;;;;26;0;0;
5001;197308;7;;;8.6;9.3;35.5;19.5;25.1;18;;;;;30.9;0.5;1;349
5001;197307;7;;;7.7;8.9;35;17.7;22.1;18.4;;;;;;0;0;336
5001;197306;7;;;5.1;7.2;28.5;15.3;21.1;16.4;;;;;;27.6;4;305
5001;197305;7;;;4.5;6;24.6;12;16.4;13.8;;;;;;73.2;7;
5001;197112;7;;;1.4;1.3;13.4;4.9;6.6;5.7;;;;;0.9;49.8;13;
5001;197303;7;;;2.5;2.9;16.1;5.3;7.7;6.6;;;;;30.1;102.4;7;
5001;197808;7;;;8.3;9.1;34.2;17.7;20.1;17.4;;;;;;0;0;
5001;197301;7;;;1.5;1.4;12.9;3.4;4.8;4.4;;;;;40.5;72.7;9;
5001;197212;7;;;1.5;1.6;12.9;4.9;6.9;5.9;;;;;36.6;51.5;7;
5001;197211;7;;;1.5;1.6;16.9;8.8;11.2;9.8;;;;;34.8;47.6;10;
5001;197210;7;;;2.2;2.7;20;12;14.5;13;;;;;38.2;125.1;18;
5001;197209;7;;;3.6;4.6;24.4;14.1;16.9;15;;;;;1.2;66.2;8;
5001;197208;7;;;7.3;7.9;31.8;17.7;22.9;17.7;;;;;1.6;2.8;1;351
5001;197207;7;;;7.8;9.2;32;17;21.4;17.8;;;;;1.7;0;0;355
5001;197206;7;;;6.3;7.8;27.4;1.3;19.2;14.5;;;;;1.8;10;4;279
5001;197205;7;;;4.6;5.2;21.8;9.9;14.2;12;;;;;1.7;29.5;8;139
5001;197204;7;;;4.5;4.9;19.9;7.8;12.3;9.6;;;;;2.4;18.7;7;267
5001;197203;7;;;2.4;2.5;14.4;6.4;8.4;7.6;;;;;2.1;88.9;17;140
5001;197304;7;;;3.9;5;20.7;12.1;12.9;9.7;;;;;22.3;25.3;3;
5001;199601;8;;;1.1;0.8;14.3;7.1;8.1;7.6;;;;;;185;24;
5001;198301;9;;;2.2;1.7;16.2;2.3;4.1;3.1;;;;;;;;
5001;199702;8;;;1.9;2;19.7;6;7.6;7.3;;;;;;0;0;
5001;199612;8;;;1.1;1.2;13.8;6.4;8.3;7.8;;;;;;243;22;
5001;199611;8;;;1.4;1.4;18.2;7.5;9.1;8.4;;;;;;116;12;
5001;199610;8;;;2.7;3.2;24.8;10.5;11.8;10.9;;;;;;31.6;4;
5001;199609;8;;;2.8;4.1;26.2;13.3;14.6;13.9;;;;;;68;9;
5001;199608;8;;;5.6;7.4;31.7;15.8;16.8;16.4;;;;;;36.8;3;
5001;199607;8;;;7.1;8.9;35.4;17.7;19.4;19;;;;;;1;1;
5001;199606;8;;;6;7;32.1;15.2;17.3;16.3;;;;;;2.7;3;
5001;199605;8;;;3.9;3.6;23.2;8.9;12;11;;;;;;138;15;
5001;199704;8;;;3.4;4.3;24;10.4;12.1;12;;;;;;19.5;9;
5001;199603;8;;;2.2;2.1;18.8;5.8;7.7;6.9;;;;;;41.6;13;
5001;199705;8;;;3.3;5.3;25.5;10.8;13.3;12.6;;;;;;64.2;8;
5001;199512;8;;;1.1;0.9;16;7.4;8.7;8.2;;;;;;186;23;
5001;199511;8;;;2.2;2;21;8.4;10.1;9;;;;;;84.6;11;
5001;199510;8;;;4.3;4.6;28.9;12.3;14.5;12.4;;;;;;0.8;1;
5001;198309;9;;;7.3;7.5;32.6;16;18.5;17;;;;;;;;
5001;198308;9;;;7.5;8.4;31.6;15.8;17.4;14.5;;;;;;26.5;3;
5001;198307;9;;;8.9;9.8;22.6;14.6;16.4;15.2;;;;;;0;1;
5001;198306;9;;;8.3;8.8;31.5;15;17.3;14.4;;;;;;0;1;
5001;198305;9;;;4.9;5.8;22.7;8.5;10.7;8.9;;;;;;5.5;6;
5001;198304;9;;;4.1;4.6;19.6;6.8;9;8.2;;;;;;48.1;11;
5001;198303;9;;;3.7;3.9;20.6;6.5;8;6.9;;;;;;46.3;6;
5001;197806;7;;;4.4;5.8;24.7;12.7;15.4;14.2;;;;;;37.2;7;
5001;199604;8;;;3.3;3.7;22.8;8.2;9.9;9.1;;;;;;29;7;
5001;199805;8;;;2.4;3.9;22.8;10;11.9;11.7;;;;;;93.5;15;
5001;201610;8;;;3.1;;;;;;;;;;;;;
5001;199904;8;;;3.9;5.1;24;7.8;9.5;8.1;;;;;;4.4;5;
5001;199903;8;;;2.2;2.7;19;5.1;7.2;6.6;;;;;;42.6;10;
5001;199902;8;;;2;2.1;16.5;2.2;3.1;2.7;;;;;;33.5;5;
5001;199901;8;;;1.4;1.3;16.1;2.3;4.6;4;;;;;;65.5;7;
5001;199812;8;;;1.8;1.4;16.8;2.1;4.1;3.4;;;;;;8.9;3;
5001;199811;8;;;1.6;1.6;20;7.4;9.2;8.5;;;;;;14.4;5;
5001;199810;8;;;2.9;3.2;24.7;9.9;11.3;10.2;;;;;;5.9;4;
5001;199809;8;;;4.2;4.5;29.8;15.5;16.9;15.4;;;;;;42.9;11;
5001;199808;8;;;6.8;7.8;36.5;18.5;20.5;17.4;;;;;;0;0;
5001;199703;8;;;3.8;4.2;24.6;8.5;10;9.8;;;;;;0;0;
5001;199806;8;;;5.4;6.8;31.4;15.1;17.3;15.1;;;;;;16.6;1;
5001;198212;9;;;0.9;0.8;11.9;2.2;4;3.7;;;;;;53.4;11;
5001;199804;8;;;2.3;3;19.2;6.1;8;7.8;;;;;;36.9;13;
5001;199803;8;;;3.5;4;23;6.9;8.9;8.4;;;;;;6.9;3;
5001;199802;8;;;1.7;1.8;18.1;6.9;8.8;8.1;;;;;;69.1;8;
5001;199801;8;;;1;1;14.1;4.3;6.7;6.5;;;;;;49.3;12;
5001;199712;8;;;0.9;1;13.8;5.9;8;7.9;;;;;;161;20;
5001;199711;8;;;1.1;1.1;17.5;9.1;10.5;10.4;;;;;;168;21;
5001;199710;8;;;2.5;2.7;25.9;13.8;15.2;14.8;;;;;;41.3;8;
5001;199709;8;;;4.6;5.4;31.4;16.2;17.8;16.5;;;;;;54.6;6;
5001;199708;8;;;5.7;6.5;33.6;17;18.7;17.5;;;;;;19.7;5;
5001;199707;8;;;6.2;7.5;33.2;15.8;17.8;15.8;;;;;;0.4;2;
5001;199706;8;;;4.2;6.3;27.9;14;15.7;14.8;;;;;;25.3;4;
5001;199807;8;;;6.9;8.3;36.3;18.4;19.6;16.7;;;;;;0;0;
5001;197908;7;;;8.6;9.7;34;18.2;20.9;17.6;;;;;;;;
5001;198302;9;;;2;1.9;14.5;2.4;3.8;3.4;;;;;;15.1;10;
5001;198008;7;;;8.9;9.5;35.4;19.1;22.1;17.6;;;;;;0;0;
5001;198007;7;;;8.8;10.4;33.8;17.1;20.3;16.1;;;;;;0;0;
5001;198006;7;;;6.5;8.3;30;14.8;18.1;15.8;;;;;;5.1;3;
5001;198005;7;;;3.6;5.2;21.9;10.4;12.9;11.8;;;;;;84.9;9;
5001;198004;7;;;3.7;4.7;21.7;8.4;10.7;9.6;;;;;;20.5;9;
5001;198003;7;;;2.4;2.7;16.7;6.4;9.1;8.1;;;;;;48.9;16;
5001;198002;7;;;1.8;1.9;16.4;6;7.5;7;;;;;;30.4;12;
5001;197912;7;;;1.4;1.2;14.5;4.6;6.3;6.1;;;;;;33.7;10;
5001;197911;7;;;2.1;2.1;17.8;7;9.5;8.4;;;;;;50.8;9;
5001;198010;7;;;3.7;3.8;23.8;11.5;14.5;12.4;;;;;;57;8;
5001;197909;7;;;5.2;6.1;28;15.9;18;15.4;;;;;;52.9;5;
5001;198011;7;;;1.9;1.8;17.8;7.4;9.3;8.5;;;;;;96.5;12;
5001;197907;7;;;7.4;8.6;33.1;17.8;21.6;17.3;;;;;;12.6;4;
5001;197906;7;;;6.3;8.2;30.5;14.9;18.2;16;;;;;;24.2;7;
5001;197905;7;;;5.6;6.8;24.9;11.5;14.8;12.1;;;;;;2.7;2;
5001;197904;7;;;3.4;4.2;18.4;7.1;9.3;8.4;;;;;;50.2;8;
5001;197903;7;;;2.2;2.4;15.4;5.4;8.1;7.2;;;;;;73.5;15;
5001;197902;7;;;1.7;1.9;13.9;5.9;7.7;7.4;;;;;;165.1;19;
5001;197901;7;;;1.3;1.3;13.7;7.3;9.1;8.5;;;;;;118.8;17;
5001;197812;7;;;1.3;1.3;14.4;7.4;9.5;9.2;;;;;;122.8;24;
5001;197811;7;;;2.5;2.2;18.3;8.1;10.2;9.2;;;;;;9.2;7;
5001;197810;7;;;4.4;4.5;24.2;11.5;14;12.3;;;;;;13.5;4;
5001;197809;7;;;7.4;7.5;32.6;17.6;19.1;15.7;;;;;;3.4;1;
5001;197910;7;;;2.7;3.3;20.8;11.9;13.8;12.7;;;;;;139;18;
5001;198111;7;;;3.4;2.9;22.8;8.6;10.7;9.6;;;;;;0;1;
5001;198211;9;;;1.7;1.7;17.1;6;8.1;7.5;;;;;;198.8;8;
5001;198210;9;;;3.5;3.4;22.1;8.5;11.7;10.6;;;;;;18.5;6;
5001;198209;7;;;5.3;6.1;29.5;14.5;17.1;15.1;;;;;;47.5;4;
5001;198208;7;;;7.7;8.4;33.5;16.7;19.2;16.3;;;;;;0;2;
5001;198207;7;;;8.5;9.2;33.5;21.9;18.5;16.3;;;;;;18.7;3;
5001;198206;7;;;7.3;8.9;31.4;17;19.6;17.4;;;;;;0;1;
5001;198205;7;;;5;6.3;25.7;11.8;14.1;12.7;;;;;;21.5;5;
5001;198204;7;;;2.9;3.8;19.7;10;11.8;10.6;;;;;;51.6;11;
5001;198203;7;;;3.2;3.4;19.5;7.1;9;8.2;;;;;;50.2;5;
5001;198202;7;;;1.5;1.6;14.4;4.4;6.4;5.7;;;;;;72.5;11;
5001;198009;7;;;6.5;6.8;32.1;17.8;20;17.6;;;;;;7.6;4;
5001;198112;7;;;1.7;1.7;14.5;5.9;7.9;7.6;;;;;;199.8;21;
5001;199906;8;;;6.1;8.1;32.7;15.3;16.9;14.2;;;;;;0.6;1;
5001;198110;7;;;4.4;4.3;26.2;12.4;15.5;13.8;;;;;;3.7;7;
5001;198109;7;;;6.4;7;30;14.8;17.1;15.3;;;;;;18.5;3;
5001;198108;7;;;7.2;8.5;33.2;17.1;19.7;17.3;;;;;;31.1;2;
5001;198107;7;;;8.9;9.9;33.7;18.2;21.2;16.8;;;;;;1.6;2;
5001;198106;7;;;7.3;9.1;31.9;16;19.4;17;;;;;;6;3;
5001;198105;7;;;4.8;6.2;23.3;10.1;13.2;11.1;;;;;;31.4;7;
5001;198104;7;;;2.2;3.1;17.8;7.9;9.9;9.3;;;;;;80.2;20;
5001;198103;7;;;3.4;3.6;20.8;7.7;10.4;8.8;;;;;;42.3;8;
5001;198102;7;;;2.5;2.4;15.7;2.9;4.6;4;;;;;;14;7;
5001;198101;7;;;2.5;1.8;15.6;1.9;3.9;3;;;;;;;;
5001;198012;7;;;2.1;1.5;13.3;2.5;3.8;3.4;;;;;;7.5;3;
5001;198201;7;;;1.4;1.6;14.5;4.9;6.5;6;;;;;;65.6;10;
5002;199910;8;;;;2.4;24.4;14.5;15.2;15.1;;;;;;186;17;
5002;200011;8;;;;1.4;16.3;7.6;8.8;8.7;;;;;;113;16;
5002;200010;8;;;;3.4;26.3;11.7;12.4;11.6;;;;;;35.5;7;
5002;200009;8;;;;5.8;34.8;15.9;15.9;15.2;;;;;;7.9;4;
5002;200008;8;;;;8;37.9;18.5;18.5;18.3;;;;;;0;0;
5002;200007;8;;;;8.5;37;18.4;18.7;18.5;;;;;;0;0;
5002;200006;8;;;;7.5;35;15.9;16.8;16.8;;;;;;0;0;
5002;200005;8;;;;4.6;26.2;13.7;14.4;14.3;;;;;;106;12;
5002;200004;8;;;;2.8;18.8;8.1;9.4;9.4;;;;;;200;19;
5002;200003;8;;;;3.3;23.3;7.2;8;7.8;;;;;;22.1;3;
5002;200002;8;;;;2.3;21.6;6.6;7;7;;;;;;0;0;
5001;201608;8;;;8.8;;;;;;;;;;;0.3;1;
5002;199911;8;;;;1.5;18;5.9;6.5;6.6;;;;;;28;3;
5002;200102;8;;;;1.7;17.6;6.7;7.4;6.9;;;;;;35.2;10;
5002;199907;8;;;;8.4;37.1;19.3;19.5;19.5;;;;;;7.5;1;
5002;199906;8;;;;8.1;34.2;16;16.9;16.8;;;;;;0.4;1;
5002;199905;8;;;;5.9;28.6;12.9;14.4;14.3;;;;;;9.8;4;
5002;199904;8;;;;5.3;26.1;8.8;10.2;10.2;;;;;;32.5;6;
5002;199903;8;;;;3.1;20.3;6.9;7.8;7.8;;;;;;52.5;9;
5002;199902;8;;;;2.2;17.8;3.4;4.3;4.1;;;;;;16;4;
5002;199901;8;;;;1.2;15.6;2.7;3.9;3.8;;;;;;30.9;5;
5002;199812;8;;;;1.3;16.6;2.9;4.1;4.1;;;;;;59;4;
5002;199811;8;;;;1.8;20.4;8.1;9.5;9.4;;;;;;17.3;3;
5002;199810;8;;;;3.8;25.7;10.8;11.8;11.7;;;;;;7;3;
5002;200001;8;;;;1;14.9;2.2;3.1;2.9;;;;;;18.9;4;
5002;200202;8;;;;1.6;19.1;6;6.5;6.5;;;;;;1.4;2;
5002;200302;8;;;;1.3;14.3;5.6;6.2;6.1;;;;;;109;12;
5002;200301;8;;;;0.9;13.6;4.8;5.2;5.2;;;;;;72.7;11;
5002;200212;8;;;;1;15.4;8.1;9.2;9.1;;;;;;163;15;
5002;200211;8;;;;1.3;18.5;9.5;10.2;10.2;;;;;;139;14;
5002;200210;8;;;;2.1;24.9;13.3;13.5;13.5;;;;;;67.2;9;
5002;200209;8;;;;3.9;29.8;15.9;15.8;15.8;;;;;;74.4;6;
5002;200208;8;;;;7.1;35.3;16.9;16.8;16.8;;;;;;0;0;
5002;200207;8;;;;8.4;36.9;17.9;18;18;;;;;;0;0;
5002;200206;8;;;;6.9;33.5;16.7;16.7;16.6;;;;;;0;0;
5002;200205;8;;;;5.6;26.2;11.9;12.4;12.4;;;;;;30.5;5;
5002;200012;8;;;;1;14.2;6.6;7.6;7.6;;;;;;226;15;
5002;200203;8;;;;2.4;20;8.9;9.5;9.4;;;;;;143;12;
5002;200101;8;;;;0.8;13.1;6.7;8;7.9;;;;;;215;19;
5002;200201;8;;;;1;15.7;6.1;6.2;6.2;;;;;;60.7;7;
5002;200112;8;;;;1;14.7;5.2;5.8;5.7;;;;;;69.2;8;
5002;200111;8;;;;1.3;17.7;7.8;8.2;8.1;;;;;;74.9;5;
5002;200110;8;;;;2.2;25.3;15;14.9;15;;;;;;135;10;
5002;200109;8;;;;4.9;31.8;17.3;16.9;16.8;;;;;;61.5;4;
5002;200108;8;;;;7.6;37.2;20.5;19.9;19.8;;;;;;0;0;
5002;200107;8;;;;8.4;35.5;18.2;18.1;18;;;;;;0;0;
5002;200106;8;;;;8.3;35.7;17.7;17.6;17.5;;;;;;0.9;1;
5002;200105;8;;;;4.4;25.5;11.9;12.6;12.6;;;;;;43.3;10;
5002;200103;8;;;;2.2;19.5;9.8;10.5;10.2;;;;;;146;14;
5002;199807;7;;;;7.7;36.8;17.3;18.8;18.7;;;;;;0;0;
5002;200204;8;;;;3.3;22;9.6;9.8;9.8;;;;;;76;11;
5002;198301;8;;;1.7;1.1;17.1;2.4;6.1;5.3;;;;;;;;
5002;199809;8;;;;5.3;31;16.9;17.7;17.8;;;;;;47;7;
5002;199603;8;;;2.7;;19.2;7.1;8.1;8.4;;;;;;52.7;9;
5002;199512;8;;;1.1;;15.2;9.4;;;;;;;;278;19;
5002;199511;8;;;1.8;;21.6;10.4;;;;;;;;118;10;
5002;198309;8;;;7.3;7.2;36.6;17.9;19.8;19;;;;;;43;1;
5002;198308;8;;;7;7.5;37.5;16.9;17.6;17.2;;;;;;;;
5002;198307;8;;;7.1;8.1;35.4;15.1;16.9;16.1;;;;;;;;
5002;198306;8;;;6.7;6.7;38.8;15.9;16.9;16.5;;;;;;2.5;1;
5002;198305;8;;;3.7;4.3;24.1;9.3;13.5;12;;;;;;17.5;6;
5002;198304;8;;;3.9;3.9;21.5;7.9;11.5;10;;;;;;128.5;10;
5002;199605;8;;;4.7;;24.5;12.2;12.7;12.6;;;;;;101;8;
5002;198302;8;;;1.7;1.5;15.1;4.2;6;4.4;;;;;;17.5;6;
5002;199606;8;;;9.1;;35.8;17.1;16.4;15.8;;;;;;;;
5002;198212;8;;;1.2;0.9;13.6;2.8;5.9;5.7;;;;;;26.5;4;
5002;198211;8;;;1.9;1.6;18.9;3.9;8.3;7.7;;;;;;160;7;
5002;198210;8;;;4.4;3.7;25.1;10.4;11;9.9;;;;;;7;2;
5002;198209;7;;;5.3;5.6;32.5;15;15.9;15.1;;;;;;9;1;
5002;198208;7;;;7.2;7.3;35.8;17.9;18.6;16.6;;;;;;7.5;2;
5002;198207;7;;;7.3;7.4;35.7;16.3;17.8;16;;;;;;5;1;
5002;198206;7;;;6.8;8.1;33.9;15.5;17;15.3;;;;;;1.5;1;
5002;198205;7;;;4.9;6.4;28.5;11.5;13.8;12.6;;;;;;32.5;1;
5002;198204;7;;;2.4;3.3;21.7;8.6;10.7;10.1;;;;;;83;12;
5002;198203;7;;;3.8;3.9;22.1;6.9;9.7;8.6;;;;;;19;3;
5002;198202;7;;;1.9;1.7;15.9;4.8;7.6;6.8;;;;;;41;4;
5002;198303;8;;;3.6;3.6;23.3;7.1;10.6;9;;;;;;27.5;2;
5002;199707;8;;;;7.6;34.4;16.8;17.4;17.5;;;;;;18.5;3;
5002;200305;8;;;;5.7;30.7;13.6;14.1;13.8;;;;;;4.8;3;
5002;199806;8;;;;6.4;32.2;15.6;16.6;16.6;;;;;;9.5;3;
5002;199805;8;;;;4.1;23.9;11;12.5;13;;;;;;220;15;
5002;199804;8;;;;3.5;19.6;7.9;8.7;9.2;;;;;;41.7;10;
5002;199803;8;;;;3.6;24.8;7.2;5.3;8.3;;;;;;30.6;4;
5002;199802;8;;;;1.4;18.3;7.1;8.1;8.1;;;;;;149;6;
5002;199801;8;;;;0.9;14.3;5.6;6.5;6.5;;;;;;77.8;10;
5002;199712;8;;;;1;13.8;6.9;8.4;8.4;;;;;;248;14;
5002;199711;8;;;;1.3;17.5;9.7;13.8;10.5;;;;;;296;21;
5002;199710;8;;;;3.2;26.6;14.5;14.7;14.8;;;;;;90;7;
5002;199604;8;;;4.2;;24;10.1;10.7;10.6;;;;;;50.4;9;
5002;199708;8;;;;7;35;17.6;18;17.8;;;;;;18.5;1;
5002;199808;8;;;;7.4;36.9;18.3;18.3;18.2;;;;;;0;0;
5002;199706;8;;;;6.6;29.5;14.2;15.7;15.3;;;;;;61.9;4;
5002;199705;8;;;;5.7;26.9;11.9;13;13.3;;;;;;48.7;6;
5002;199704;8;;;;4.4;25.9;10.2;11.5;11;;;;;;52.3;7;
5002;199703;8;;;;4.3;26.9;7.2;8.4;7.6;;;;;;;;
5002;199702;8;;;;1.7;20.5;6.1;7.3;7.3;;;;;;;;
5002;199612;8;;;1.6;;14;7.2;8.8;8.3;;;;;;586;23;
5002;199611;8;;;1.5;;18.3;7.5;8.8;8.5;;;;;;71.9;8;
5002;199610;8;;;3.3;;25.7;11.3;11.5;10.9;;;;;;64.9;5;
5002;199609;8;;;4.9;;29.4;14.9;15.6;15;;;;;;110;8;
5002;199608;8;;;8.4;;36;16.8;17.1;16.5;;;;;;3;1;
5002;199607;8;;;9.3;;36.6;19.8;18.4;17.3;;;;;;7.5;1;
5002;199709;8;;;;5.3;32.4;16.6;17.2;16.8;;;;;;40.7;6;
5002;200808;8;;;;9;39.5;20.5;19.8;17.2;;;;;;0;0;
5002;200708;8;;;;7.4;37.5;18.1;18.4;16.5;;;;;;5.4;2;
5002;200907;8;;;;10.2;40.2;20.2;20.4;17.2;;;;;;0;0;
5002;200906;8;;;;7.6;36.2;17.8;17.7;16;;;;;;4.3;2;
5002;200905;8;;;;6.2;30.4;12.4;12.8;11.5;;;;;;3.9;4;
5002;200904;8;;;;3.4;22.2;8.5;8.7;8.1;;;;;;34;5;
5002;200903;8;;;;2.3;21.5;8.4;8.5;8.3;;;;;;55.7;11;
5002;200902;8;;;;1.5;16.6;5.6;5.6;5.6;;;;;;126;7;
5002;200901;8;;;;0.9;12.5;5.5;5.6;5.5;;;;;;58.2;16;
5002;200812;8;;;;0.7;12.5;4.6;5;4.9;;;;;;46;11;
5002;200811;8;;;;1.5;16.7;7.1;7.3;6.9;;;;;;49.7;5;
5002;200909;8;;;;5.1;31.9;17.9;17.4;16;;;;;;7.2;5;
5002;200809;8;;;;4.5;30.8;17;16.8;16;;;;;;62.8;7;
5002;200910;8;;;;3.6;;;;;;;;;;36.3;5;
5002;200807;8;;;;9.5;38.3;19.5;19.3;16.9;;;;;;9.3;2;
5002;200806;8;;;;7.6;34.9;16.4;16.5;15;;;;;;2;1;
5002;200805;8;;;;3.5;24.1;13.4;13.4;12.7;;;;;;48.8;16;
5002;200804;8;;;;3.6;23.4;10.6;10.9;10.1;;;;;;221;10;
5002;200803;8;;;;3;21;7.9;8.1;7.8;;;;;;8.1;3;
5002;200802;8;;;;1.4;19.2;7.9;7.8;7.7;;;;;;53.1;7;
5002;200801;8;;;;1;16.4;6.7;6.9;6.8;;;;;;72.8;9;
5002;200712;8;;;;0.8;15.7;6;6.3;5.8;;;;;;18.7;6;
5002;200711;8;;;;1.8;21.2;7.5;7.3;6.5;;;;;;68.6;4;
5002;200710;8;;;;2.8;26.5;13.6;13.3;13.3;;;;;;34.4;6;
5002;200303;8;;;;2.4;20.7;8.2;8.7;8.6;;;;;;61.5;7;
5002;200810;8;;;;2.7;24.1;14.6;14.5;13.8;;;;;;58;12;
5002;201010;8;;;;2.9;24.4;12.4;11.8;11.2;;;;;;120.7;8;
5007;199102;7;;;;1.9;14.5;2.5;6.4;5.3;;;;;7.7;114.2;12;
5002;201109;8;;;;5.2;33.1;16.5;16.3;15.5;;;;;;24.5;2;
5002;201108;8;;;;8.2;37.1;19.9;19.8;18.6;;;;;;0;0;
5002;201107;8;;;;9.5;36.6;18.9;18.6;17.3;;;;;;0;0;
5002;201106;8;;;;8.6;34.3;17.6;17.4;15.9;;;;;;15.3;2;
5002;201105;8;;;;5.1;27.6;14.9;14.7;14.4;;;;;;51;8;
5002;201104;8;;;;3.5;;;;;;;;;;125.5;9;
5002;201103;8;;;;2.5;;;;;;;;;;57.9;11;
5002;201102;8;;;;2.1;;;;;;;;;;68.5;7;
5002;201101;8;;;;1;;;;;;;;;;101.5;21;
5002;200908;8;;;;8.3;40.9;19.7;19.3;17.3;;;;;;0;0;
5002;201011;8;;;;1.4;;;;;;;;;;101.9;15;
5002;200707;8;;;;9.7;39.1;19.3;19.2;16;;;;;;0;0;
5002;201009;8;;;;5.7;;;;;;;;;;12.5;6;
5002;201008;8;;;;8.9;;;;;;;;;;10.2;3;
5002;201007;8;;;;9.8;;;;;;;;;;0;0;
5002;201006;8;;;;7.4;;;;;;;;;;46.7;6;
5002;201005;8;;;;5.5;;;;;;;;;;27.7;8;
5002;201004;8;;;;3.7;;;;;;;;;;83.8;9;
5002;201003;8;;;;1.8;;;;;;;;;;139.5;13;
5002;201002;8;;;;1.3;;;;;;;;;;274.5;22;
5002;201001;8;;;;0.9;;;;;;;;;;164.7;23;
5002;200912;8;;;;1;;;;;;;;;;427.1;19;
5002;200911;8;;;;2.1;;;;;;;;;;18.8;5;
5002;201012;8;;;;1;;;;;;;;;;459.7;19;
5002;200404;8;;;;3.5;21.1;8.7;9;8.8;;;;;;31.5;10;
5002;200709;8;;;;4.5;32.5;18;17.3;16.6;;;;;;34.7;5;
5002;200503;9;;;;2.6;19.2;7.8;8.3;8.3;;;;;;42.2;10;
5002;200502;9;;;;2.4;15.5;2.4;2.6;2.5;;;;;;37.5;5;
5002;200501;9;;;;1.2;15.3;1.7;2.1;2;;;;;;0;0;
5002;200412;9;;;;1;14.3;5.8;6.3;6.3;;;;;;39.5;5;
5002;200411;9;;;;1.4;18.7;7.7;7.9;7.8;;;;;;3.7;2;
5002;200410;9;;;;3;25.1;14.1;13.7;13.7;;;;;;172;12;
5002;200409;8;;;;5.6;33.4;16.6;16.4;15.8;;;;;;0.6;1;
5002;200408;8;;;;7.6;36.3;20.4;19.9;19.8;;;;;;8.7;3;
5002;200407;8;;;;9.1;37.6;19.9;19.7;17.5;;;;;;0;0;
5002;200505;9;;;;6.1;28.9;14.1;14.3;14.2;;;;;;50.6;4;
5002;200405;8;;;;3.8;23.5;12;12.2;11.8;;;;;;90.4;14;
5002;200506;9;;;;7.7;35.8;17.8;17.7;17.7;;;;;;0.6;1;
5002;200403;8;;;;2.2;18.3;7.7;8.3;8.2;;;;;;56.1;9;
5002;200402;8;;;;1.3;16.5;6.8;7;6.6;;;;;;122;8;
5002;200401;8;;;;0.9;15.3;6.8;7.4;7.2;;;;;;16.5;5;
5002;200312;8;;;;0.9;13.8;6.5;7.1;7;;;;;;151;12;
5002;200311;8;;;;1.2;18;10.6;10.5;10.2;;;;;;108;10;
5002;200310;8;;;;1.8;22;14.6;14.3;14.3;;;;;;360;18;
5002;200309;8;;;;6.4;33.4;17.2;16.8;16.8;;;;;;1.5;1;
5002;200308;8;;;;8.8;38.7;20.5;20.4;20.3;;;;;;0;0;
5002;200307;8;;;;8.5;37.3;19;19.1;18.9;;;;;;3;1;
5002;200306;8;;;;7;35.4;17.6;18;17.7;;;;;;0.5;1;
5002;198111;7;;;3.8;2.8;25;7.1;9.8;6.7;;;;;;0.3;1;
5002;200406;8;;;;8;36;17.9;18.1;17.2;;;;;;3.1;1;
5002;200606;9;;;;6.9;35.4;16.1;16.2;15.5;;;;;;3.7;2;
5002;200706;8;;;;6.7;31.8;15.4;15.6;14.3;;;;;;5.4;3;
5002;200705;8;;;;4.9;26.2;13;13.3;12.5;;;;;;113;10;
5002;200704;8;;;;2.5;20.9;10.5;10.5;9.9;;;;;;56.9;12;
5002;200703;8;;;;2.9;19.9;7.1;7.5;6.4;;;;;;12.4;5;
5002;200702;8;;;;1;15.8;8.5;8.6;8.2;;;;;;47.6;15;
5002;200701;8;;;;0.9;14.2;5.5;5.8;5.1;;;;;;27.6;7;
5002;200612;8;;;;0.8;14.2;5.6;6;5.3;;;;;;52.6;4;
5002;200611;8;;;;1.1;19.1;11.9;12;11.4;;;;;;128;12;
5002;200610;8;;;;3;25.9;15.5;15.3;14.3;;;;;;156;11;
5002;200609;9;;;;5.1;33.3;17.5;16.9;15.4;;;;;;32.9;5;
5002;200504;9;;;;4.7;23.8;9.8;10.1;10.1;;;;;;51.5;4;
5002;200607;9;;;;9.2;40.5;19.4;19.2;16;;;;;;0;0;
5002;200304;8;;;;2.9;22.1;10.1;10.5;10.2;;;;;;60;8;
5002;200605;9;;;;5.4;29.5;14.6;15.2;13.1;;;;;;44.4;3;
5002;200604;9;;;;3.3;24.5;11.8;12.2;11.3;;;;;;40.6;8;
5002;200603;9;;;;2.2;19.1;8.4;9.1;8.1;;;;;;133;9;
5002;200602;9;;;;1.2;14.9;4.4;5.3;4.7;;;;;;46.3;8;
5002;200601;9;;;;1.1;13.5;4.8;5.2;4.6;;;;;;90;8;
5002;200512;9;;;;1.2;14.8;5.6;6;5.2;;;;;;70.3;5;
5002;200511;9;;;;1.4;17.2;7.6;7.6;6.8;;;;;;16.5;8;
5002;200510;9;;;;2.5;24.6;13;13.3;11.9;;;;;;115;9;
5002;200509;11;;;;5.7;32.6;16.1;16;13.5;;;;;;10.9;3;
5002;200508;9;;;;7.7;38.6;18.3;18;15.1;;;;;;0;0;
5002;200507;9;;;;8.8;37.9;19.4;18.6;17.1;;;;;;0;0;
5002;200608;9;;;;7.5;38.5;19.5;19.4;17.3;;;;;;56.5;2;
5002;196912;8;;;1.3;0.9;13.1;3.3;4.9;3.9;;;;;2.4;38;5;
5001;202102;8;;;1.4;;;;;;;;;;;;;
5002;197011;7;;;3;2.3;22.6;8.2;9.8;8.2;;;;;2;55.5;7;148
5002;197010;7;;;4.9;0.4;26.8;9.8;11.6;9.1;;;;;2.3;7;3;230
5002;197009;7;;;7.3;7;35.4;15.9;17.8;14;;;;;1.9;;;333
5002;197008;7;;;7.3;8;35.2;17.2;20.1;16.2;;;;;1.6;;;355
5002;197007;7;;;7.7;7.9;37.2;17.6;21.2;16.8;;;;;1.6;;;399
5002;197006;7;;;4.3;5.5;29.1;14.9;18;15.4;;;;;1.3;114.5;4;260
5002;197005;7;;;4.4;5.4;23.5;10.7;13.9;11.4;;;;;1.6;34.5;5;275
5002;197004;7;;;3.7;4.2;22.2;8.9;10.9;8.7;;;;;2.3;51;6;275
5002;197003;7;;;2.4;2.6;17.6;5.2;6.9;5.5;;;;;1.7;34;6;201
5002;197101;7;;;1;1.1;12.7;3.3;5.4;4.6;;;;;1.7;105.5;16;
5002;197001;8;;;0.7;0.6;13.7;6.6;8.9;7.8;;;;;2.1;358;20;
5002;197102;7;;;2.4;2;17.3;3.4;5.4;4.4;;;;;2.6;8;3;
5002;196911;8;;;1.5;1.7;17.7;7.1;9;7.9;;;;;2.2;109.5;10;
5002;196910;8;;;1.9;2.4;23.7;12.4;13.8;12.8;;;;;2.1;91.3;12;180
5002;196909;8;;;3.5;3.8;25.7;13.4;14.9;13.2;;;;;2.3;151;5;207
5002;196908;8;;;7.9;9.4;37;17.6;19.9;15;;;;;2.5;;;369
5001;202109;8;;;5;;;;;;;;;;;;;
5001;202108;8;;;8.2;;;;;;;;;;;;;
5001;202107;8;;;10.7;;;;;;;;;;;;;
5001;202106;8;;;9.5;;;;;;;;;;;;;
5001;202105;8;;;6.6;;;;;;;;;;;;;
5001;202104;8;;;3.5;;;;;;;;;;;;;
5002;197303;7;;;2.6;2.6;17.9;5.4;6.9;5.8;;;;;39.6;30.5;6;
5002;197002;7;;;2.5;2.1;17.1;5;6.3;5.2;;;;;2.7;20;4;191
5002;197202;7;;;1.5;1.3;13.2;4.8;6.8;5.8;;;;;1.7;162.5;13;
5002;198201;7;;;1.3;1.1;15.6;5.4;7.7;7.1;;;;;;113.5;9;
5002;197301;7;;;1.2;0.9;14.8;2.9;4.4;3.4;;;;;54.8;54;8;
5002;197212;7;;;0.9;0.8;13.3;4.4;5.2;4.7;;;;;31.5;104.5;6;
5002;197211;7;;;1.3;1.3;17.9;9.2;10.5;9.5;;;;;38.9;89;12;
5002;197210;7;;;1.7;1.7;21.7;11.7;13.6;12.4;;;;;14.5;181;16;
5002;197209;7;;;4;4.3;27.9;13;15.3;13.9;;;;;0.8;49.5;6;
5002;197208;7;;;7.1;7.4;35.8;17.9;19.7;16.1;;;;;1.2;1.5;1;
5002;197207;7;;;7.2;8.2;34.3;16.8;20.4;16.3;;;;;0.6;0.5;1;
5002;197206;7;;;5.9;7.4;31.2;12.9;16.5;13.3;;;;;1.5;4.5;3;
5002;197205;7;;;5.4;5.1;25.6;10.3;14.1;11.4;;;;;1.9;27;8;
5002;197012;7;;;1.7;1.1;14;1.9;3.3;2.4;;;;;2.7;39.5;7;158
5002;197203;7;;;1.8;2;15.5;6.6;8.4;7.3;;;;;1.7;90.5;13;
5001;202101;8;;;0.7;;;;;;;;;;;;;
5002;197201;7;;;1.4;1.1;12.1;4;5.3;4.4;;;;;2;135;11;
5002;197112;7;;;1.9;1.3;15.2;4.9;6.7;4.9;;;;;2.3;44;9;
5002;197111;7;;;3;2.2;17.5;4.4;6.3;4.5;;;;;2.5;7;3;
5002;197110;7;;;4.8;4.3;29.3;13.1;14.6;12.5;;;;;2.3;11;1;
5002;197109;7;;;5.6;5.6;32.1;14.9;21.9;14.7;;;;;1.9;1.5;2;
5002;197108;7;;;6.6;7.6;34.1;17.6;19.5;15.9;;;;;2.3;24.5;3;
5002;197107;7;;;6.2;7.5;35;17.5;20.7;17.5;;;;;1.1;10;2;
5002;197106;7;;;4.5;5.8;27.8;13;16.7;14.2;;;;;1.6;19.5;4;
5002;197105;7;;;2;3.3;20.3;10.8;13.4;12.2;;;;;1.3;150.5;17;
5002;197104;7;;;1.9;2.8;17.5;8.7;10.4;9.4;;;;;1.7;162;15;
5002;197103;7;;;3.2;2.9;16.2;3.9;5.9;4.7;;;;;2.8;66.5;9;
5002;197204;7;;;4.4;4.7;22.7;8;10.9;8.5;;;;;2.7;7.5;2;
5001;201710;8;;;3.7;;;;;;;;;;;;;
5001;202103;8;;;3.3;;;;;;;;;;;;;
5001;201809;8;;;3.5;;;;;;;;;;;;;
5001;201808;8;;;6.5;;;;;;;;;;;;;
5001;201807;8;;;6.6;;;;;;;;;;;;;
5001;201806;8;;;4.4;;;;;;;;;;;;;
5001;201805;8;;;2.1;;;;;;;;;;;;;
5001;201804;8;;;1.8;;;;;;;;;;;;;
5001;201803;8;;;1.1;;;;;;;;;;;;;
5001;201802;8;;;1.5;;;;;;;;;;;;;
5001;201801;8;;;0.8;;;;;;;;;;;;;
5001;201811;8;;;0.7;;;;;;;;;;;;;
5001;201711;8;;;2.1;;;;;;;;;;;;;
5001;201812;8;;;0.5;;;;;;;;;;;;;
5001;201709;8;;;5.4;;;;;;;;;;;;;
5001;201708;8;;;6.7;;;;;;;;;;;;;
5001;201707;8;;;8.3;;;;;;;;;;;;;
5001;201706;8;;;8.4;;;;;;;;;;;;;
5001;201705;8;;;6.7;;;;;;;;;;;;;
5001;201704;8;;;5;;;;;;;;;;;;;
5001;201703;8;;;3.2;;;;;;;;;;;;;
5001;201702;8;;;1.7;;;;;;;;;;;;;
5001;201701;8;;;1.9;;;;;;;;;;;;;
5001;201612;8;;;1;;;;;;;;;;;;;
5001;201611;8;;;1.6;;;;;;;;;;;;;
5001;201712;8;;;0.9;;;;;;;;;;;;;
5001;201912;8;;;0.6;;;;;;;;;;;;;
5001;202012;8;;;0.3;;;;;;;;;;;;;
5001;202011;8;;;1.1;;;;;;;;;;;;;
5001;202010;8;;;2.8;;;;;;;;;;;;;
5001;202009;8;;;5.3;;;;;;;;;;;;;
5001;202008;8;;;8.6;;;;;;;;;;;;;
5001;202007;8;;;10.9;;;;;;;;;;;;;
5001;202006;8;;;9.1;;;;;;;;;;;;;
5001;202005;8;;;5.6;;;;;;;;;;;;;
5001;202004;8;;;2.9;;;;;;;;;;;;;
5001;202003;8;;;3;;;;;;;;;;;;;
5001;201810;8;;;2;;;;;;;;;;;;;
5001;202001;8;;;0.7;;;;;;;;;;;;;
5002;197304;7;;;4.1;4.6;23;6.5;12.7;7.6;;;;;30;0;0;
5001;201911;8;;;0.8;;;;;;;;;;;;;
5001;201910;8;;;3.6;;;;;;;;;;;;;
5001;201909;8;;;5.1;;;;;;;;;;;;;
5001;201908;8;;;8.9;;;;;;;;;;;;;
5001;201907;8;;;10.4;;;;;;;;;;;;;
5001;201906;8;;;9.3;;;;;;;;;;;;;
5001;201905;8;;;7.3;;;;;;;;;;;;;
5001;201904;8;;;3.1;;;;;;;;;;;;;
5001;201903;8;;;3.8;;;;;;;;;;;;;
5001;201902;8;;;1.9;;;;;;;;;;;;;
5001;201901;8;;;0.8;;;;;;;;;;;;;
5001;202002;8;;;2.2;;;;;;;;;;;;;
5002;197808;7;;;;8.1;37;16.4;17.1;14.2;;;;;;0;0;
5002;197708;7;;;;7.6;33.6;15.6;17.7;14.3;;;;;;6;2;
5002;197907;7;;;6.5;7.5;35.8;18.2;19.4;14;;;;;;11.5;2;
5002;197906;7;;;5.7;7;32.8;15.2;16.5;15.2;;;;;;8.5;4;
5002;197905;7;;;4.6;5.8;28.1;10.5;12.3;11.3;;;;;;6;2;
5002;197904;7;;;3.6;3.9;20.5;8;9.5;8.7;;;;;;87;6;
5002;197903;7;;;;2.3;16.5;6.5;8;7.6;;;;;;70;8;
5002;197902;7;;;;1.7;15.5;6.8;8.5;8;;;;;;118.5;13;
5002;197901;7;;;;1;14.6;7.7;9.3;8.7;;;;;;239;17;
5002;197812;7;;;;0.8;15.1;8.5;10.3;9.8;;;;;;234.5;22;
5002;197811;7;;;;1.8;20.5;7.1;8.4;7.9;;;;;;39;3;
5002;197909;7;;;5.2;5.7;32.2;15.7;16.1;15.2;;;;;;37.5;4;
5002;197809;7;;;;6;37;16.4;17.7;14.5;;;;;;0;0;
5002;197910;7;;;2;2.3;22.1;12.3;13.9;13.4;;;;;;226;14;
5002;197807;7;;;;8.8;38;18.4;18.8;15.6;;;;;;3;1;
5002;197806;7;;;;5.4;27;14.2;15.2;14;;;;;;68.5;3;
5002;197805;7;;;;4;22.1;10.8;12.5;12.2;;;;;;46;11;
5002;197804;7;;;;2.6;18.8;8.8;10.5;9.7;;;;;;124.5;12;
5002;197803;7;;;;3;19.7;7;9.5;8.3;;;;;;37.5;7;
5002;197802;7;;;;1.5;16.5;6.6;8.4;7.9;;;;;;126;10;
5002;197801;7;;;;1;13.9;4.8;6.7;6.3;;;;;;11;6;
5002;197712;7;;;;0.7;15.8;8.6;10.3;9.4;;;;;;164.5;16;
5002;197711;7;;;;1.6;18.9;8;10;9.2;;;;;;126;7;
5002;197710;7;;;;2.8;25.3;12.9;14.9;13.6;;;;;;66;7;
5002;197302;7;;;2.4;2;15.2;3;4.3;3.2;;;;;56.8;16;4;
5002;197810;7;;;;3.9;27;11;12.5;10.7;;;;;;28.5;2;
5002;198011;7;;;1.6;1.4;17.7;7.4;8.8;8.3;;;;;;111.5;7;
5002;201111;8;;;;1.2;17.8;10;10.2;10;;;;;;137.1;10;
5002;198110;7;;;4.8;4.1;28.6;13;14.3;13.5;;;;;;9.5;2;
5002;198109;7;;;6.3;5.9;33.3;15.8;17.3;15.5;;;;;;9;1;
5002;198108;7;;;6.9;7.2;35.9;17.2;18.8;17.3;;;;;;;;
5002;198107;7;;;8.6;8.9;37.2;17.7;19.5;16.1;;;;;;6;1;
5002;198106;7;;;7;7.9;34.3;17.8;19;16.7;;;;;;4;3;
5002;198105;7;;;4.5;5.4;25.4;10.8;12.7;11.5;;;;;;27;4;
5002;198104;7;;;2.2;2.5;19.5;8.9;9.5;8.8;;;;;;66.5;12;
5002;198103;7;;;3.1;3;22.3;8.3;9.7;8.9;;;;;;4.3;8;
5002;198102;7;;;2.6;2;16.8;3.2;4.6;4.3;;;;;;11;5;
5002;197908;7;;;8;9;37.6;18.6;19.2;16.4;;;;;;0;0;
5002;198012;7;;;2.2;1.3;12.9;2.7;3.4;3.2;;;;;;;;
5002;197707;7;;;;7.3;33.3;15.5;18.6;15.6;;;;;;11;1;
5002;198010;7;;;3.6;3.3;26.8;11.5;12.7;11.9;;;;;;68;5;
5002;198009;7;;;5.8;6;35.3;17.6;18.4;16.6;;;;;;23;3;
5002;198008;7;;;7.6;7.4;37.7;18;19.7;16.9;;;;;;;;
5002;198007;7;;;8.3;9.1;35.9;15.8;16.9;16;;;;;;;;
5002;198006;7;;;6.6;7.9;33.1;15.3;17.1;15.4;;;;;;;;
5002;198005;7;;;3.3;4.4;24.1;11.3;13.4;12.6;;;;;;83;7;
5002;198004;7;;;3.5;4;24.2;8.2;9.8;7;;;;;;13;3;
5002;198003;7;;;2.3;2.4;18.3;7;8.4;7.9;;;;;;60.5;11;
5002;198002;7;;;1.6;1.4;17.1;5.9;7.3;6.7;;;;;;35;10;
5002;197912;7;;;1.3;0.9;14.7;5.2;6.5;6.1;;;;;;29;3;
5002;197911;7;;;2.1;1.6;21;7;8.7;8.2;;;;;;10.5;4;
5002;198101;7;;;2.3;1.5;16.9;2.1;4.1;3.4;;;;;;;;
5002;197404;7;;;1.7;2.2;18.1;8.1;10.1;9;;;;;;91;16;
5002;197709;7;;;;6.1;33.9;15.2;17.6;14.5;;;;;;1;1;
5002;197503;7;;;1.9;2;16.1;5.9;8.2;6.8;;;;;;101.5;14;
5002;197502;7;;;1.2;1.3;15.4;5.9;8.3;7;;;;;;97.5;11;
5002;197501;7;;;1.6;1;16.2;4.4;6.3;5.1;;;;;;68.5;9;
5002;197412;7;;;2;1.2;18.9;3.5;5.4;4.2;;;;;;15.5;2;
5002;197411;7;;;2.8;1.9;20.8;6.7;9.2;7.1;;;;;;30.5;3;
5002;197410;7;;;4.8;3.9;24.9;9.2;12.2;9.1;;;;;;15;4;
5002;197409;7;;;7.1;6.4;32.5;14.6;15.9;13.2;;;;;;0;0;
5002;197408;7;;;10.1;9.2;39.2;18;18.4;15;;;;;;0;0;
5002;197407;7;;;9;9.3;39.8;18.1;19.2;16.2;;;;;;0;0;
5002;197505;7;;;3.2;4.3;23;10.3;13;11.1;;;;;;62;7;
5002;197405;7;;;4.2;5.2;27.1;11.4;14.2;12.2;;;;;;12.5;4;
5002;197506;7;;;4.1;5.4;30.2;13.4;15.5;13.9;;;;;;57;8;
5002;197403;7;;;2.4;2.4;17.7;5.6;8;6.4;;;;;;83;12;
5002;197402;7;;;1.9;1.7;14.2;4.6;6.7;5.5;;;;;;71;10;
5002;197401;7;;;0.9;0.9;15.3;5.3;7.1;6.4;;;;;;38.5;8;
5002;197312;7;;;1.7;1.1;13.2;3.2;5.3;4.7;;;;;;107.5;5;
5002;197311;7;;;1.8;1.5;20.6;8.8;10.3;9.1;;;;;;71;8;
5002;197310;7;;;2.5;3.3;24.7;11.5;13.8;11.8;;;;;0.7;62.5;5;
5002;197309;7;;;6.9;6.6;33.2;15.4;17.3;13.9;;;;;5.6;0;0;
5002;197308;7;;;7.4;7.9;37.3;18.4;20.9;17;;;;;1.6;11.6;1;
5002;197307;7;;;7.8;8.3;35.9;25;20.9;16.7;;;;;9;0;0;
5002;197306;7;;;4.9;6.5;34.2;14.2;18.7;15.9;;;;;8.8;18;4;
5002;197305;7;;;3.8;4.8;25.6;11.6;15;12.8;;;;;20.1;141.5;12;
5002;197406;7;;;4.7;5.5;30.9;15.3;17.7;15.3;;;;;;28.5;9;
5002;197606;7;;;;7.4;35;15.6;20.1;16.2;;;;;;25.5;3;
5002;197706;7;;;;6.4;19;12.6;16.3;13.8;;;;;;28;5;
5002;197705;7;;;;5.8;26.2;11.4;14.2;11.7;;;;;;1.5;2;
5002;197704;7;;;;4.7;27.5;8.8;11.5;9.5;;;;;;0;0;
5002;197703;7;;;;2.9;21.1;6.5;9.4;7.9;;;;;;7.5;3;
5002;197702;7;;;;0.8;14.7;7.7;9.1;8.5;;;;;;125.5;17;
5002;197701;7;;;;0.6;13.1;6.6;8;7.1;;;;;;144.5;19;
5002;197612;7;;;;0.6;14.1;7.5;9.7;8.7;;;;;;173.5;21;
5002;197611;7;;;;1.2;17;4.6;7.3;5.7;;;;;;47;5;
5002;197610;7;;;;2.3;21.2;10;16.3;11.3;;;;;;103;11;
5002;197609;7;;;;5;33.1;13.7;17.3;15.1;;;;;;58.5;6;
5002;197504;7;;;3;3.8;21.1;7.7;10.3;8.7;;;;;;61.5;8;
5002;197607;7;;;;7.5;37.2;19.6;21.7;18.8;;;;;;2;1;
5002;198112;7;;;1.8;1.2;16.2;6;8.7;8.4;;;;;;161.5;11;
5002;197605;7;;;;4.6;26;11.9;15.7;13.5;;;;;;27;4;
5002;197604;7;;;;2.5;17.6;7.7;10.6;9.2;;;;;;134.5;14;
5002;197603;7;;;;2.7;19;5.4;8.4;6.9;;;;;;54.5;7;
5002;197602;7;;;;1.6;15.7;5.8;7.5;6.6;;;;;;87.5;11;
5002;197601;7;;;;1.2;16.5;2;3.3;2.4;;;;;;23;3;
5002;197512;7;;;;0.9;13.8;4.2;5.7;4.7;;;;;;118;10;
5002;197511;7;;;;2.5;20.7;6.4;8.7;6.6;;;;;;35;3;
5002;197510;7;;;;4;28.8;11.1;13.8;11.1;;;;;;1.5;2;
5002;197509;7;;;;5.5;31.4;13.6;14.4;12.5;;;;;;3;2;
5002;197508;7;;;8.2;9.1;37.9;18.4;19.4;15;;;;;;4.5;1;
5002;197507;7;;;9.7;9.9;39;17.8;19.2;15.2;;;;;;0;0;
5002;197608;7;;;;8;37.2;19;21.1;16;;;;;;7;2;
5015;201409;8;;;;5.6;;;;;;;;;;52.6;6;
5015;201509;8;;;;4.4;;;;;;;;;;16.4;3;
5015;201508;8;;;;8.3;;;;;;;;;;1.6;2;
5015;201507;8;;;;11.1;;;;;;;;;;0;0;
5015;201506;8;;;;8.9;;;;;;;;;;12.2;2;
5015;201505;8;;;;7.9;;;;;;;;;;0;0;
5015;201504;8;;;;4.3;;;;;;;;;;48.4;6;
5015;201503;8;;;;3.2;;;;;;;;;;36.2;6;
5015;201502;8;;;;1.8;;;;;;;;;;31.2;8;
5015;201501;8;;;;1.2;;;;;;;;;;36.8;6;
5015;201412;8;;;;1.2;;;;;;;;;;21.2;5;
5015;200906;8;;;;8;;;;;;;;;;;;
5015;201410;8;;;;3.2;;;;;;;;;;86.4;6;
5015;201512;8;;;;1.2;;;;;;;;;;9.6;1;
5015;201408;8;;;;9.3;;;;;;;;;;0;0;
5015;201407;8;;;;9.5;;;;;;;;;;0.8;1;
5015;201406;8;;;;8;;;;;;;;;;5.6;4;
5015;201405;8;;;;7.2;;;;;;;;;;10;3;
5015;201404;8;;;;4.1;;;;;;;;;;66.8;5;
5015;201403;8;;;;3.6;;;;;;;;;;17;8;
5015;201402;8;;;;0.6;;;;;;;;;;130.2;19;
5015;201401;8;;;;0.8;;;;;;;;;;96.2;15;
5015;201312;8;;;;1.4;;;;;;;;;;108.2;5;
5015;201311;8;;;;2.2;;;;;;;;;;7;4;
5015;201411;8;;;;1;;;;;;;;;;154.8;14;
5015;201611;8;;;;1.7;;;;;;;;;;;;
5015;201711;8;;;;3.5;;;;;;;;;;;;
5015;201710;8;;;;6.4;;;;;;;;;;;;
5015;201709;8;;;;;;;;;;;;;;;;
5015;201708;8;;;;10.3;;;;;;;;;;;;
5015;201707;8;;;;10.4;;;;;;;;;;;;
5015;201706;8;;;;10.1;;;;;;;;;;;;
5015;201705;8;;;;5.8;;;;;;;;;;;;
5015;201704;8;;;;5.1;;;;;;;;;;;;
5015;201703;8;;;;2.5;;;;;;;;;;;;
5015;201702;8;;;;1.7;;;;;;;;;;;;
5015;201510;8;;;;2.3;;;;;;;;;;87.2;13;
5015;201612;8;;;;1.4;;;;;;;;;;;;
5015;201511;8;;;;1.9;;;;;;;;;;71;4;
5015;201610;8;;;;3.2;;;;;;;;;;;;
5015;201609;8;;;;7.1;;;;;;;;;;4;1;
5015;201608;8;;;;9;;;;;;;;;;0;0;
5015;201607;8;;;;9.8;;;;;;;;;;0;0;
5015;201606;8;;;;8.4;;;;;;;;;;1.6;1;
5015;201605;8;;;;4.6;;;;;;;;;;110.4;10;
5015;201604;8;;;;3.3;;;;;;;;;;124.2;10;
5015;201603;8;;;;2.6;;;;;;;;;;40.4;8;
5015;201602;8;;;;1.5;;;;;;;;;;47.6;12;
5015;201601;8;;;;0.8;;;;;;;;;;87.8;18;
5015;201308;8;;;;9;;;;;;;;;;31;2;
5015;201701;8;;;;1.3;;;;;;;;;;;;
5015;201006;8;;;;7;;;;;;;;;;77.4;6;
5015;201310;8;;;;3.3;;;;;;;;;;40.4;8;
5015;201105;8;;;;5.2;;;;;;;;;;21.2;8;
5015;201104;8;;;;4.3;;;;;;;;;;79.8;8;
5015;201103;8;;;;2.7;;;;;;;;;;44.3;11;
5015;201102;8;;;;1.4;;;;;;;;;;94.8;6;
5015;201101;8;;;;0.9;;;;;;;;;;60.6;14;
5015;201012;8;;;;0.6;;;;;;;;;;367.6;18;
5015;201011;8;;;;0.9;;;;;;;;;;101.2;12;
5015;201010;8;;;;3.2;;;;;;;;;;105.6;5;
5015;201009;8;;;;6.2;;;;;;;;;;9.4;3;
5015;201107;8;;;;9.5;;;;;;;;;;0;0;
5015;201007;8;;;;9.8;;;;;;;;;;0;0;
5015;201108;8;;;;8.8;;;;;;;;;;0.2;1;
5015;201005;8;;;;4.9;;;;;;;;;;28.6;5;
5015;201004;8;;;;3.8;;;;;;;;;;33.2;8;
5015;201003;8;;;;1.5;;;;;;;;;;117.4;13;
5015;201002;8;;;;0.6;;;;;;;;;;226.8;19;
5015;201001;8;;;;0.9;;;;;;;;;;172.8;15;
5015;200912;8;;;;0.8;;;;;;;;;;368.4;20;
5015;200911;8;;;;2.3;;;;;;;;;;21.6;3;
5015;200910;8;;;;4.2;;;;;;;;;;42.2;4;
5015;200909;8;;;;5.7;;;;;;;;;;;;
5015;200908;8;;;;9.5;;;;;;;;;;;;
5007;199012;7;;;;1.4;14.6;3.3;5.7;5.1;;;;;5.5;67.2;8;
5015;201008;8;;;;8.7;;;;;;;;;;5.2;2;
5015;201208;8;;;;10;;;;;;;;;;0;0;
5015;201802;8;;;;2.7;;;;;;;;;;;;
5015;201307;8;;;;9.4;;;;;;;;;;0;0;
5015;201306;8;;;;8.1;;;;;;;;;;0;0;
5015;201305;8;;;;5.6;;;;;;;;;;16;7;
5015;201304;8;;;;3.9;;;;;;;;;;89;10;
5015;201303;8;;;;1.4;;;;;;;;;;252.9;20;
5015;201302;8;;;;1.8;;;;;;;;;;55.2;8;
5015;201301;8;;;;1;;;;;;;;;;61;16;
5015;201212;8;;;;1;;;;;;;;;;39.4;12;
5015;201211;8;;;;0.9;;;;;;;;;;184.2;13;
5015;201106;8;;;;8.9;;;;;;;;;;18.2;3;
5015;201209;8;;;;6.3;;;;;;;;;;130.8;5;
5015;201309;8;;;;5.5;;;;;;;;;;22.4;3;
5015;201207;8;;;;10.5;;;;;;;;;;0.2;1;
5015;201206;8;;;;10;;;;;;;;;;0;0;
5015;201205;8;;;;6;;;;;;;;;;65.6;8;
5015;201204;8;;;;3.8;;;;;;;;;;40.2;10;
5015;201203;8;;;;4;;;;;;;;;;8.2;3;
5015;201202;8;;;;2.4;;;;;;;;;;1.8;2;
5015;201201;8;;;;1.4;;;;;;;;;;15.2;3;
5015;201112;8;;;;1.2;;;;;;;;;;6.6;4;
5015;201111;8;;;;0.9;;;;;;;;;;84.8;8;
5015;201110;8;;;;4.4;;;;;;;;;;48;6;
5015;201109;8;;;;6.2;;;;;;;;;;2.6;2;
5015;201210;8;;;;3;;;;;;;;;;80;9;
5016;201012;8;;;1.7;;;;;;;;;;;268.4;21;
5016;200912;8;;;1.1;;;;;;;;;;;232;25;
5016;201111;8;;;1.9;;;;;;;;;;;73.8;15;
5016;201110;8;;;5.2;;;;;;;;;;;56.3;5;
5016;201109;8;;;6.3;;;;;;;;;;;19.7;2;
5016;201108;8;;;8.6;;;;;;;;;;;0.3;1;
5016;201107;8;;;9.3;;;;;;;;;;;0;0;
5016;201106;8;;;7.7;;;;;;;;;;;5.2;2;
5016;201105;8;;;4.6;;;;;;;;;;;44.2;14;
5016;201104;8;;;3.8;;;;;;;;;;;96.9;12;
5016;201103;8;;;2.8;;;;;;;;;;;51.3;13;
5016;201201;8;;;1.7;;;;;;;;;;;19.8;19;
5016;201101;8;;;1.2;;;;;;;;;;;47.6;23;
5016;201202;8;;;3.2;;;;;;;;;;;2.2;2;
5016;201011;8;;;1.7;;;;;;;;;;;84.9;20;
5016;201010;8;;;3.7;;;;;;;;;;;82.8;7;
5016;201009;8;;;6.8;;;;;;;;;;;10.7;7;
5016;201008;8;;;8.9;;;;;;;;;;;27.6;5;
5016;201007;8;;;10.4;;;;;;;;;;;0.5;1;
5016;201006;8;;;6.2;;;;;;;;;;;56.1;8;
5016;201005;8;;;5.5;;;;;;;;;;;17.6;6;
5016;201004;8;;;3.5;;;;;;;;;;;99.1;11;
5016;201003;8;;;2.5;;;;;;;;;;;88.2;20;
5016;201002;8;;;1.6;;;;;;;;;;;154.4;22;
5015;201712;8;;;;1.8;;;;;;;;;;;;
5016;201102;8;;;2.1;;;;;;;;;;;59;16;
5016;201302;8;;;2.2;;;;;;;;;;;71.2;14;
5016;201402;8;;;1.4;;;;;;;;;;;78.9;19;
5016;201401;8;;;1.5;;;;;;;;;;;55;19;
5016;201312;8;;;2;;;;;;;;;;;61.5;15;
5016;201311;8;;;2.3;;;;;;;;;;;8.5;9;
5016;201310;8;;;3.9;;;;;;;;;;;96.8;8;
5016;201309;8;;;6.8;;;;;;;;;;;13.3;3;
5016;201308;8;;;10.1;;;;;;;;;;;1.6;2;
5016;201307;8;;;10.7;;;;;;;;;;;0.9;2;
5016;201306;8;;;7.9;;;;;;;;;;;6.3;1;
5016;201305;8;;;5.2;;;;;;;;;;;39.9;7;
5016;201112;8;;;1.5;;;;;;;;;;;6.3;23;
5016;201303;8;;;2.3;;;;;;;;;;;165.9;24;
5016;200911;8;;;3.1;;;;;;;;;;;11;5;
5016;201301;8;;;1.4;;;;;;;;;;;60;21;
5016;201212;8;;;1;;;;;;;;;;;31.9;24;
5016;201211;8;;;1.5;;;;;;;;;;;149.9;16;
5016;201210;8;;;3.4;;;;;;;;;;;52.1;11;
5016;201209;8;;;6.8;;;;;;;;;;;107.9;6;
5016;201208;8;;;10.6;;;;;;;;;;;0;0;
5016;201207;8;;;9.8;;;;;;;;;;;0;0;
5016;201206;8;;;9.4;;;;;;;;;;;0;0;
5016;201205;8;;;6.5;;;;;;;;;;;43.5;6;
5016;201204;8;;;3.6;;;;;;;;;;;48.3;12;
5016;201203;8;;;4.9;;;;;;;;;;;9.1;3;
5016;201304;8;;;3.7;;;;;;;;;;;60.1;9;
5015;201901;8;;;;1.7;;;;;;;;;;;;
5016;201001;8;;;1.3;;;;;;;;;;;125.7;21;
5015;201912;8;;;;1.6;;;;;;;;;;;;
5015;201911;8;;;;2;;;;;;;;;;;;
5015;201910;8;;;;5.2;;;;;;;;;;;;
5015;201909;8;;;;7.4;;;;;;;;;;;;
5015;201908;8;;;;12.8;;;;;;;;;;;;
5015;201907;8;;;;12.2;;;;;;;;;;;;
5015;201906;8;;;;11.7;;;;;;;;;;;;
5015;201905;8;;;;9.8;;;;;;;;;;;;
5015;201904;8;;;;3.8;;;;;;;;;;;;
5015;202002;8;;;;3;;;;;;;;;;;;
5015;201902;8;;;;2.6;;;;;;;;;;;;
5015;202003;8;;;;4.5;;;;;;;;;;;;
5015;201812;8;;;;1.5;;;;;;;;;;;;
5015;201811;8;;;;1.2;;;;;;;;;;;;
5015;201810;8;;;;3.6;;;;;;;;;;;;
5015;201809;8;;;;8.2;;;;;;;;;;;;
5015;201808;8;;;;11.3;;;;;;;;;;;;
5015;201807;8;;;;10.7;;;;;;;;;;;;
5015;201806;8;;;;8.2;;;;;;;;;;;;
5015;201805;8;;;;5.9;;;;;;;;;;;;
5015;201804;8;;;;4;;;;;;;;;;;;
5015;201803;8;;;;0.9;;;;;;;;;;;;
5015;200905;8;;;;6.4;;;;;;;;;;;;
5015;201903;8;;;;5;;;;;;;;;;;;
5015;202103;8;;;;3.9;;;;;;;;;;;;
5016;200910;8;;;4.4;;;;;;;;;;;35.7;10;
5016;200901;8;;;1.2;;;;;;;;;;;;;
5016;200812;8;;;1.2;;;;;;;;;;;;;
5016;200811;8;;;1.6;;;;;;;;;;;;;
5016;200810;8;;;2.8;;;;;;;;;;;;;
5016;200809;8;;;4.3;;;;;;;;;;;;;
5015;202109;8;;;;5.9;;;;;;;;;;;;
5015;202108;8;;;;9;;;;;;;;;;;;
5015;202107;8;;;;10.3;;;;;;;;;;;;
5015;202106;8;;;;8.1;;;;;;;;;;;;
5015;202001;8;;;;1.2;;;;;;;;;;;;
5015;202104;8;;;;4;;;;;;;;;;;;
5015;201801;8;;;;1.6;;;;;;;;;;;;
5015;202102;8;;;;1.6;;;;;;;;;;;;
5015;202101;8;;;;1;;;;;;;;;;;;
5015;202012;8;;;;1.1;;;;;;;;;;;;
5015;202011;8;;;;1.7;;;;;;;;;;;;
5015;202010;8;;;;3.6;;;;;;;;;;;;
5015;202009;8;;;;6.1;;;;;;;;;;;;
5015;202008;8;;;;9.9;;;;;;;;;;;;
5015;202007;8;;;;13.7;;;;;;;;;;;;
5015;202006;8;;;;11.6;;;;;;;;;;;;
5015;202005;8;;;;8;;;;;;;;;;;;
5015;202004;8;;;;3.8;;;;;;;;;;;;
5015;202105;8;;;;6.6;;;;;;;;;;;;
5013;201005;8;;;;5.1;;;;;;;;;;33.8;9;
5013;201105;8;;;;4.4;;;;;;;;;;63.2;11;
5013;201104;8;;;;4.3;;;;;;;;;;86.8;8;
5013;201103;8;;;;2.2;;;;;;;;;;20.3;9;
5013;201102;8;;;;1.1;;;;;;;;;;98.9;10;
5013;201101;8;;;;0.7;;;;;;;;;;52.6;23;
5013;201012;8;;;;0.5;;;;;;;;;;352.3;18;
5013;201011;8;;;;0.9;;;;;;;;;;125.4;20;
5013;201010;8;;;;2.5;;;;;;;;;;92.7;7;
5013;201009;8;;;;5.2;;;;;;;;;;9.1;4;
5013;201008;8;;;;7.6;;;;;;;;;;15.1;3;
5015;200907;8;;;;10.9;;;;;;;;;;;;
5013;201006;8;;;;5.9;;;;;;;;;;80.8;6;
5013;201108;8;;;;7.3;;;;;;;;;;0.4;2;
5013;201004;8;;;;3.5;;;;;;;;;;30.8;9;
5013;201003;8;;;;1.7;;;;;;;;;;123.7;18;
5013;201002;8;;;;0.9;;;;;;;;;;241.3;20;
5013;201001;8;;;;0.7;;;;;;;;;;158.8;18;
5013;200912;8;;;;0.7;;;;;;;;;;338.6;24;
5013;200911;8;;;;1.5;;;;;;;;;;22.2;6;
5013;200910;8;;;;3.1;;;;;;;;;;50;3;
5013;200909;8;;;;4.8;30.6;18.2;;;;;;;;46.1;5;
5013;200908;8;;;;7.9;38.5;21.3;;;;;;;;0;0;
5013;200907;8;;;;8.6;38.3;20.7;;;;;;;;0;0;
5013;201007;8;;;;8.6;;;;;;;;;;0;0;
5013;201207;8;;;;8.8;;;;;;;;;;0;0;
5013;201307;8;;;;8.2;;;;;;;;;;10.7;2;
5013;201306;8;;;;6.8;;;;;;;;;;0.4;1;
5013;201305;8;;;;4.5;;;;;;;;;;37.1;9;
5013;201304;8;;;;3.5;;;;;;;;;;92.8;9;
5013;201303;8;;;;1.5;;;;;;;;;;243;21;
5013;201302;8;;;;1.4;;;;;;;;;;54.9;7;
5013;201301;8;;;;0.5;;;;;;;;;;94.7;18;
5013;201212;8;;;;0.6;;;;;;;;;;59.2;17;
5013;201211;8;;;;0.8;;;;;;;;;;215.2;16;
5013;201210;8;;;;2.4;;;;;;;;;;74.5;12;
5013;201106;8;;;;7.2;;;;;;;;;;34.3;2;
5013;201208;8;;;;8.3;;;;;;;;;;0;0;
5013;201107;8;;;;8.1;;;;;;;;;;0;0;
5013;201206;8;;;;8.3;;;;;;;;;;0;0;
5013;201205;8;;;;5.3;;;;;;;;;;60.1;6;
5013;201204;8;;;;3.6;;;;;;;;;;60.7;12;
5013;201203;8;;;;3.4;;;;;;;;;;14.2;3;
5013;201202;8;;;;1.8;;;;;;;;;;4.3;2;
5013;201201;8;;;;0.8;;;;;;;;;;13.4;3;
5013;201112;8;;;;0.6;;;;;;;;;;13.2;8;
5013;201111;8;;;;1;;;;;;;;;;74.5;14;
5013;201110;8;;;;3.9;;;;;;;;;;55.3;4;
5013;201109;8;;;;5.5;;;;;;;;;;1.2;2;
5013;200904;8;;;;3.3;21.9;9.1;;;;;;;;42;6;
5013;201209;8;;;;5.3;;;;;;;;;;101.4;6;
5013;200601;8;;;;0.9;13.7;3.2;;;;;;;;57.1;10;
5013;200906;8;;;;7;34.4;18.8;;;;;;;;8.1;4;
5013;200612;8;;;;0.9;15.6;3.3;;;;;;;;27.5;5;
5013;200611;8;;;;1.4;20.1;10;;;;;;;;46.7;9;
5013;200610;8;;;;3.2;26.5;14.3;;;;;;;;157;9;
5013;200609;8;;;;5.8;32.5;16.7;;;;;;;;19.6;8;
5013;200608;8;;;;8.3;35.5;19.6;;;;;;;;34.9;1;
5013;200607;8;;;;9.6;38.6;20.1;;;;;;;;0;0;
5013;200606;8;;;;7.3;33.9;17.2;;;;;;;;11;1;
5013;200605;8;;;;5.9;29.9;14.7;;;;;;;;21.2;4;
5013;200604;8;;;;3.8;25;11.3;;;;;;;;32.8;8;
5013;200702;8;;;;1;16.3;6.7;;;;;;;;76.9;16;
5013;200602;8;;;;1.1;15.1;3.2;;;;;;;;53.4;10;
5013;200703;8;;;;3.3;19.8;5.7;;;;;;;;37.1;7;
5013;200512;8;;;;1.2;15.2;4.2;;;;;;;;60.3;10;
5013;200511;8;;;;1.6;18.4;5.9;;;;;;;;12.8;8;
5013;200510;8;;;;2.9;25.7;12.3;;;;;;;;125;10;
5013;200509;8;;;;6.1;32;15.6;;;;;;;;31.5;4;
5013;200508;8;;;;8.7;37.8;19.5;;;;;;;;0;0;
5013;200507;8;;;;9.3;38.1;19.7;;;;;;;;0;0;
5013;200506;8;;;;8.6;36.4;18.4;;;;;;;;0.7;3;
5013;200505;8;;;;6.5;29.9;14;;;;;;;;41.2;5;
5013;200504;8;;;;4.8;24.9;9.3;;;;;;;;9.1;3;
5013;200503;8;;;;2.6;20.1;7.3;;;;;;;;21.2;9;
5013;200502;8;;;;1.9;15.3;1.2;;;;;;;;34.3;8;
5013;200603;8;;;;2.2;19.5;7.1;;;;;;;;68;10;
5013;200803;8;;;;2.6;20.7;7.3;;;;;;;;6.1;4;
5013;201310;8;;;;2.6;;;;;;;;;;31.7;8;
5013;200903;8;;;;2.2;21.6;9.2;;;;;;;;74.1;10;
5013;200902;8;;;;1.2;16.4;5.5;;;;;;;;83.4;11;
5013;200901;8;;;;0.6;12.3;4.8;;;;;;;;74.9;17;
5013;200812;8;;;;0.5;12.6;8.5;;;;;;;;46.7;15;
5013;200811;8;;;;1.2;17.8;6.2;;;;;;;;59.3;7;
5013;200810;8;;;;2.3;23.9;13.9;;;;;;;;56.9;14;
5013;200809;8;;;;3.9;28.7;17.2;;;;;;;;63.8;10;
5013;200808;8;;;;7.7;37.3;20.5;;;;;;;;0;0;
5013;200806;8;;;;6.7;33.8;18;;;;;;;;1.7;1;
5013;200701;8;;;;0.8;15.5;2.5;;;;;;;;33.8;10;
5013;200804;8;;;;3.4;22.8;10.6;;;;;;;;220;11;
5013;200905;8;;;;5.8;29.5;13.9;;;;;;;;13;3;
5013;200802;8;;;;1.9;19.9;7.5;;;;;;;;58.7;8;
5013;200801;8;;;;1;16.9;4.9;;;;;;;;67.3;7;
5013;200712;8;;;;1.1;16.6;3.8;;;;;;;;12.7;5;
5013;200711;8;;;;2.1;20.6;5.4;;;;;;;;103;3;
5013;200710;8;;;;3.2;25.4;13;;;;;;;;29.8;6;
5013;200709;8;;;;4.8;32.1;17.3;;;;;;;;76.5;7;
5013;200708;8;;;;8.3;37.3;19.3;;;;;;;;0;0;
5013;200707;8;;;;9.4;38.5;19.5;;;;;;;;0;0;
5013;200706;8;;;;6.7;32.5;17.2;;;;;;;;9.3;2;
5013;200705;8;;;;5.2;27.2;13;;;;;;;;111;10;
5013;200704;8;;;;3.1;20.9;9.5;;;;;;;;73.1;16;
5013;200805;8;;;;3.8;24.4;13.5;;;;;;;;47.9;17;
5013;201901;8;;;;0.9;;;;;;;;;;;;
5013;201801;8;;;;0.8;;;;;;;;;;;;
5013;201912;8;;;;0.9;;;;;;;;;;;;
5013;201911;8;;;;1.2;;;;;;;;;;;;
5013;201910;8;;;;3.4;;;;;;;;;;;;
5013;201909;8;;;;5;;;;;;;;;;;;
5013;201908;8;;;;7.9;;;;;;;;;;;;
5013;201907;8;;;;8.4;;;;;;;;;;;;
5013;201906;8;;;;8.3;;;;;;;;;;;;
5013;201905;8;;;;7;;;;;;;;;;;;
5013;201904;8;;;;3.1;;;;;;;;;;;;
5013;202002;8;;;;1.7;;;;;;;;;;;;
5013;201902;8;;;;1.8;;;;;;;;;;;;
5013;202003;8;;;;2.8;;;;;;;;;;;;
5013;201812;8;;;;0.8;;;;;;;;;;;;
5013;201811;8;;;;1;;;;;;;;;;;;
5013;201810;8;;;;2.7;;;;;;;;;;;;
5013;201809;8;;;;5.3;;;;;;;;;;;;
5013;201808;8;;;;8.3;;;;;;;;;;;;
5013;201807;8;;;;8.3;;;;;;;;;;;;
5013;201806;8;;;;6.2;;;;;;;;;;;;
5013;201805;8;;;;4.6;;;;;;;;;;;;
5013;201804;8;;;;3.5;;;;;;;;;;;;
5013;201803;8;;;;1.8;;;;;;;;;;;;
5013;201308;8;;;;7.6;;;;;;;;;;30.1;3;
5013;201903;8;;;;3.6;;;;;;;;;;;;
5013;202103;8;;;;3.6;;;;;;;;;;;;
5015;200904;8;;;;3.7;;;;;;;;;;;;
5015;200903;8;;;;2.6;;;;;;;;;;;;
5015;200901;8;;;;0.4;;;;;;;;;;;;
5015;200812;8;;;;0.6;;;;;;;;;;;;
5015;200811;8;;;;1.5;;;;;;;;;;;;
5015;200810;8;;;;3.2;;;;;;;;;;;;
5013;202109;8;;;;4.9;;;;;;;;;;;;
5013;202108;8;;;;7.5;;;;;;;;;;;;
5013;202107;8;;;;9.1;;;;;;;;;;;;
5013;202106;8;;;;7.5;;;;;;;;;;;;
5013;202001;8;;;;0.9;;;;;;;;;;;;
5013;202104;8;;;;3.4;;;;;;;;;;;;
5013;201712;8;;;;0.8;;;;;;;;;;;;
5013;202102;8;;;;1.4;;;;;;;;;;;;
5013;202101;8;;;;0.7;;;;;;;;;;;;
5013;202012;8;;;;0.8;;;;;;;;;;;;
5013;202011;8;;;;1.3;;;;;;;;;;;;
5013;202010;8;;;;3.3;;;;;;;;;;;;
5013;202009;8;;;;5.6;;;;;;;;;;;;
5013;202008;8;;;;8;;;;;;;;;;;;
5013;202007;8;;;;9.4;;;;;;;;;;;;
5013;202006;8;;;;7.9;;;;;;;;;;;;
5013;202005;8;;;;5.4;;;;;;;;;;;;
5013;202004;8;;;;2.8;;;;;;;;;;;;
5013;202105;8;;;;5.9;;;;;;;;;;;;
5013;201409;8;;;;4.6;;;;;;;;;;39.2;8;
5013;201802;8;;;;1.6;;;;;;;;;;;;
5013;201508;8;;;;7.1;;;;;;;;;;1.7;3;
5013;201507;8;;;;9.6;;;;;;;;;;8;1;
5013;201506;8;;;;7.8;;;;;;;;;;15.4;3;
5013;201505;8;;;;7;;;;;;;;;;0;0;
5013;201504;8;;;;4;;;;;;;;;;59.3;8;
5013;201503;8;;;;2.7;;;;;;;;;;43.9;8;
5013;201502;8;;;;1.7;;;;;;;;;;39.2;9;
5013;201501;8;;;;0.8;;;;;;;;;;32.8;8;
5013;201412;8;;;;0.5;;;;;;;;;;17.2;13;
5013;201510;8;;;;2.3;;;;;;;;;;69.6;12;
5013;201410;8;;;;3.1;;;;;;;;;;59.4;6;
5013;201511;8;;;;1.3;;;;;;;;;;42.1;4;
5013;201408;8;;;;7.6;;;;;;;;;;0;0;
5013;201407;8;;;;8;;;;;;;;;;0;0;
5013;201406;8;;;;6.8;;;;;;;;;;3.3;3;
5013;201405;8;;;;6.3;;;;;;;;;;5.3;3;
5013;201404;8;;;;3.7;;;;;;;;;;82.8;11;
5013;201403;8;;;;2.7;;;;;;;;;;28.7;8;
5013;201402;8;;;;1;;;;;;;;;;139.2;20;
5013;201401;8;;;;0.7;;;;;;;;;;115.9;19;
5013;201312;8;;;;0.8;;;;;;;;;;105.6;8;
5013;201311;8;;;;1.6;;;;;;;;;;6.5;2;
5016;201405;8;;;6.9;;;;;;;;;;;14.4;4;
5013;201411;8;;;;1.2;;;;;;;;;;158.7;18;
5013;201611;8;;;;1.2;;;;;;;;;;;;
5013;201711;8;;;;1.8;;;;;;;;;;;;
5013;201710;8;;;;3.6;;;;;;;;;;;;
5013;201709;8;;;;5.6;;;;;;;;;;;;
5013;201708;8;;;;7.6;;;;;;;;;;;;
5013;201707;8;;;;8.6;;;;;;;;;;;;
5013;201706;8;;;;8.7;;;;;;;;;;;;
5013;201705;8;;;;5.5;;;;;;;;;;;;
5013;201704;8;;;;4.5;;;;;;;;;;;;
5013;201703;8;;;;2.7;;;;;;;;;;;;
5013;201702;8;;;;1.4;;;;;;;;;;;;
5013;201509;8;;;;4.5;;;;;;;;;;33.1;4;
5013;201612;8;;;;0.8;;;;;;;;;;;;
5013;201309;8;;;;4.7;;;;;;;;;;28.5;4;
5013;201610;8;;;;2.6;;;;;;;;;;;;
5013;201609;8;;;;5.8;;;;;;;;;;5.7;1;
5013;201608;8;;;;8;;;;;;;;;;1.5;2;
5013;201607;8;;;;8.4;;;;;;;;;;6.4;3;
5013;201606;8;;;;8;;;;;;;;;;0;0;
5013;201605;8;;;;4.4;;;;;;;;;;118.5;11;
5013;201604;8;;;;3.1;;;;;;;;;;120.4;13;
5013;201603;8;;;;2.4;;;;;;;;;;36.8;10;
5013;201602;8;;;;1.5;;;;;;;;;;64.2;14;
5013;201601;8;;;;0.7;;;;;;;;;;97.5;18;
5013;201512;8;;;;1.1;;;;;;;;;;4.5;3;
5013;201701;8;;;;0.9;;;;;;;;;;;;
6001;197101;7;;;2.9;2.6;14.8;10.3;13.1;11.6;;;;;10.8;193.8;14;
6001;197202;7;;;3.9;4;13.6;10.5;12.5;11;;;;;9.7;176.1;14;
6001;197201;;13;;3.1;3.3;13.4;9.7;;;12;11;;;10.2;235.8;11;
6001;197112;;13;;1.6;1.8;14;11.2;;;13.3;12.4;;;7.8;224;11;
6001;197111;;13;;2.6;2.8;15.7;12.1;;;14.2;13.7;;;9.1;116.5;8;
6001;197110;;13;;2.3;4.4;23.3;19.2;;;21.5;19.6;;;6.8;20;1;
6001;197109;7;;;2.4;5;24.4;18.7;22.3;20.9;;;;;5.5;0;0;
6001;197107;7;;;2.4;5.5;24.5;18.3;22.3;19.8;;;;;5.2;0;0;
6001;197106;7;;;2.8;6.4;21.8;16.2;19.4;17.1;;;;;6.9;14.3;3;
6001;197105;7;;;2.7;4.5;16.3;11.9;14.5;13.2;;;;;4.2;119.6;14;
6001;197104;7;;;2.5;3.5;16.5;11.4;14.7;13.6;;;;;8.7;198.5;13;
5016;201403;8;;;3.1;;;;;;;;;;;42.8;9;
6001;197102;7;;;2.7;3.7;15.1;11.2;13.5;12.3;;;;;11.2;36;4;
6001;197205;7;;;5.4;6;18.4;13.4;16.1;14.3;;;;;7.6;43.2;5;
6001;197012;7;;;2.3;2;13.5;9.5;11.9;10.8;;;;;7.4;52.5;6;
6001;197011;7;;;1.3;2.2;17;13;15;14.3;;;;;6.7;25;5;
6001;197010;7;;;2.5;3.5;16.7;12.7;14;13.5;;;;;5.1;26.5;4;
6001;197009;7;;;2.8;5.1;25.5;19;21.8;20.5;;;;;4.7;0;0;
6001;197008;7;;;4.2;6.4;28.7;20.7;22.9;20.6;;;;;4.4;0;0;
6001;197007;7;;;3;7.1;28.9;20.5;23.3;20.8;;;;;4.1;0;0;
6001;197006;7;;;3.8;6.3;23;16.7;18.9;17.3;;;;;6.2;33;2;
6001;197005;7;;;2.8;4.7;19.6;14.2;16;14.9;;;;;6;46;4;
6001;197004;7;;;2.8;5.1;18.6;12.4;14.3;12.9;;;;;6.5;154;5;
6001;197003;7;;;3.4;3.7;15.2;10.6;11.5;10.2;;;;;7.6;251;7;
6001;197103;7;;;2.5;3.9;14.5;10.9;12.8;11.6;;;;;11.6;143;11;
6001;197304;7;;;5.1;4.7;17.1;9.2;14.3;12.4;;;;;7.1;0;0;
6001;197404;7;;;5.2;5.7;15.8;9.3;12.4;10.8;;;;;6.7;193.6;14;
6001;197403;7;;;6.6;4.7;15.4;8.7;11.8;9.2;;;;;7.9;89.8;10;
6001;197402;7;;;7;4.6;14.5;7;11.6;9.1;;;;;9.2;80.1;8;
6001;197401;7;;;4.5;3;16.1;9.3;12.7;10.3;;;;;6.3;36.7;5;
6001;197312;7;;;5.3;6;14.8;10.3;12.2;9.6;;;;;8;289.6;16;
6001;197311;7;;;2.5;3;18;11.5;15;13.9;;;;;6.6;67.5;12;
6001;197310;7;;;5;4;23.1;12.2;17.8;15.1;;;;;5.4;52.8;4;
6001;197309;7;;;7.8;6.6;26.3;15.3;19;17.9;;;;;5.6;0;0;
6001;197308;7;;;4.9;6.2;27.1;16.1;21.2;20.1;;;;;4.9;0;0;
6001;197307;7;;;5.5;7;23.9;14.7;19;18.9;;;;;5.3;0;0;
6001;197203;7;;;3.5;3.8;13.7;10.7;12.7;12;;;;;8.7;191.4;16;
6001;197305;7;;;5.4;6.5;21.1;11.8;17.9;15.9;;;;;6.5;82.5;6;
6001;197204;7;;;4;5.8;17.3;13;16.1;11.2;;;;;7.7;23;2;
6001;197303;7;;;4.2;4.4;14;13.2;12.9;11.9;;;;;8.3;105.5;6;
6001;197302;7;;;5.2;5.6;13.5;10.5;12.1;10.7;;;;;9;89.6;6;
6001;197301;7;;;4.5;4.7;14.1;10.8;12.4;11.3;;;;;8;107.2;8;
6001;197212;7;;;4.1;6.6;14.7;11.7;13.2;12.2;;;;;8.3;67.2;5;
6001;197211;7;;;3.4;3.5;17.7;14.7;15.7;14.6;;;;;5.1;103.8;10;
6001;197210;7;;;3;3.6;20.1;17;18.2;17.4;;;;;6.5;209.9;14;
6001;197209;7;;;4.4;5.7;22.9;18.4;19.8;18.5;;;;;6.2;78.5;6;
6001;197208;7;;;4.2;6.9;25.7;20.6;22.4;20.7;;;;;7.5;0;0;
6001;197207;7;;;4.2;9;25.5;19.4;22.8;19.9;;;;;7.4;0;0;
6001;197206;7;;;5.6;7;22;16.7;19.5;16.8;;;;;7.2;34.5;2;
6001;196912;7;;;5.1;3;14.4;9.9;10.3;9.7;;;;;10.3;256.5;8;
6001;197306;7;;;4.6;6.4;23.7;14.7;20.7;18.4;;;;;4.7;0;0;
5017;201909;8;;;5.4;;;;;;;;;;;;;
6001;197002;7;;;4;3.5;16.7;10.7;11.9;10.5;;;;;6.3;10;2;
5017;202008;8;;;8.9;;;;;;;;;;;;;
5017;202007;8;;;10.1;;;;;;;;;;;;;
5017;202006;8;;;7.3;;;;;;;;;;;;;
5017;202005;8;;;4.6;;;;;;;;;;;;;
5017;202004;8;;;2.1;;;;;;;;;;;;;
5017;202003;8;;;2;;;;;;;;;;;;;
5017;202002;8;;;1.6;;;;;;;;;;;;;
5017;202001;8;;;1;;;;;;;;;;;;;
5017;201912;8;;;1.1;;;;;;;;;;;;;
5017;202010;8;;;2.8;;;;;;;;;;;;;
5017;201910;8;;;3.8;;;;;;;;;;;;;
5017;202011;8;;;1.1;;;;;;;;;;;;;
5017;201908;8;;;8.2;;;;;;;;;;;;;
5017;201907;8;;;8.9;;;;;;;;;;;;;
5017;201906;8;;;8.6;;;;;;;;;;;;;
5017;201905;8;;;6.5;;;;;;;;;;;;;
5017;201904;8;;;2.7;;;;;;;;;;;;;
5017;201903;8;;;2.7;;;;;;;;;;;;;
5017;201902;8;;;1.4;;;;;;;;;;;;;
5017;201901;8;;;0.7;;;;;;;;;;;;;
5017;201812;8;;;0.7;;;;;;;;;;;;;
5017;201811;8;;;0.7;;;;;;;;;;;;;
5017;201810;8;;;2.3;;;;;;;;;;;;;
5017;201911;8;;;1.4;;;;;;;;;;;;;
5018;200811;8;;;;;;;;;;;;;;111;11;
6001;197407;7;;;6.2;6.1;27.7;17.6;20.5;19.4;;;;;;;;
6001;196911;7;;;3.3;2.5;17.6;13.5;14.3;13.8;;;;;6.1;159;6;
6001;196910;7;;;2.9;2.3;20.3;16;17.1;16.6;;;;;6.3;26;6;
5018;200908;8;;;;;;;;;;;;;;9.9;3;
5018;200907;8;;;;;;;;;;;;;;0.1;1;
5018;200906;8;;;;;;;;;;;;;;8.3;5;
5018;200905;8;;;;;;;;;;;;;;60.3;7;
5018;200904;8;;;;;;;;;;;;;;57.6;9;
5018;200903;;;;;;;;;;;;;;;39.4;7;
5018;200902;8;;;;;;;;;;;;;;87.7;10;
5017;202009;8;;;6;;;;;;;;;;;;;
5018;200812;8;;;;;;;;;;;;;;53.2;17;
6001;197001;7;;;4.8;2.8;15.7;10.8;12.5;11.7;;;;;10.5;714;17;
5018;200810;8;;;;;;;;;;;;;;73.3;14;
5017;202109;8;;;4.4;;;;;;;;;;;;;
5017;202108;8;;;8.2;;;;;;;;;;;;;
5017;202107;8;;;9.2;;;;;;;;;;;;;
5017;202106;8;;;7.4;;;;;;;;;;;;;
5017;202105;8;;;5.2;;;;;;;;;;;;;
5017;202104;8;;;2.3;;;;;;;;;;;;;
5017;202103;8;;;2.5;;;;;;;;;;;;;
5017;202102;8;;;1.1;;;;;;;;;;;;;
5017;202101;8;;;0.6;;;;;;;;;;;;;
5017;202012;8;;;0.5;;;;;;;;;;;;;
5018;200901;8;;;;;;;;;;;;;;42.6;18;
6001;197910;;;;1.3;;21.7;11.9;;;;;;;;163.5;14;
6001;197810;;;;2.8;;22.2;14.6;;;;;;;;76.3;1;
6001;198009;;;;2.3;3.6;27.4;18.7;;;;;;;;32.4;2;
6001;198008;;;;6.6;6.3;29.9;23.2;;;;;;;;0;0;
6001;198007;;;;6.8;5.7;26.1;18.8;;;;;;;;0;0;
6001;198006;;;;4.2;4.4;23.3;15.7;;;;;;;;0;0;
6001;198005;;;;2.6;3.5;19.2;13.1;;;;;;;;82.7;5;
6001;198004;;;;2.6;3.2;18.7;12.8;;;;;;;;40.1;4;
6001;198003;;;;2.5;3.3;17.4;10.1;;;;;;;;95;9;
6001;198002;;;;2.2;3.9;16.2;9.5;;;;;;;;86.5;5;
6001;198001;;;;1.7;3.8;15.2;8.1;;;;;;;;130.6;6;
6001;200510;8;;;0.7;2.2;21.8;17.8;;;;;;;;87.1;13;
6001;197911;;;;1.1;;19.3;11.2;;;;;;;;34;2;
6001;200511;8;;;1.4;2.1;18.2;13;;;;;;;;90.1;11;
6001;197909;;;;1.9;4;26.2;15.2;;;;;;;;47.1;3;
6001;197908;;;;3.7;6;38.7;16.7;;;;;;;;0;0;
6001;197907;;;;3.8;5.9;26.7;16.2;;;;;;;;1;1;
6001;197906;;;;4.2;;25.9;13.1;;;;;;;;0;0;
6001;197905;;;;4.7;;18.3;12.8;;;;;;;;5;2;
6001;197904;;;;3.6;;16;10.6;;;;;;;;75;4;
6001;197903;;;;4.9;;14.4;10.5;;;;;;;;119;5;
6001;197902;;;;5;;15.6;10.3;;;;;;;;209.6;12;
6001;197901;;;;3.8;;;;;;;;;;;253;15;
6001;197812;;;;2.2;;17.7;10.9;;;;;;;;256.7;14;
6001;197405;7;;;5;6.2;20;12.7;15.8;13.5;;;;;4.5;32.8;3;
6001;197912;;;;1.8;;17.1;10.3;;;;;;;;38.5;2;
6001;200611;8;;;1;1.8;20.2;14.2;;;;;;;;130;13;
6001;200712;9;;;1.1;2.1;17.4;10;;;;;;;;107;6;
6001;200710;9;;;1.5;2.6;24.4;17.1;;;;;;;;45.2;7;
6001;200709;8;;;1.3;2.1;28.5;20.1;;;;;;;;281;4;
6001;200708;8;;;1.8;4.4;31.5;21.9;;;;;;;;0.9;1;
6001;200707;8;;;2.4;6;29;19.7;;;;;;;;0;0;
6001;200706;8;;;1.9;5.8;27.4;19;;;;;;;;0;0;
6001;200705;8;;;2.1;4.7;22.1;16.5;;;;;;;;56.6;9;
6001;200704;8;;;1.1;3.7;19.3;13.1;;;;;;;;78.5;12;
6001;200703;8;;;1.7;3.2;18.2;11.1;;;;;;;;38.6;5;
6001;200702;8;;;1.3;2.5;18;11.2;;;;;;;;115;10;
6001;198010;;;;3.1;3.4;22.1;13.8;;;;;;;;46.8;7;
6001;200612;8;;;1.1;2;18.2;13.1;;;;;;;;89.8;17;
6001;197809;;;;2.7;;28.1;21.5;;;;;;;;0;0;
6001;200610;8;;;1.4;3;25.4;19.3;;;;;;;;91.4;8;
6001;200609;8;;;1;4.6;27.7;20;;;;;;;;13.2;3;
6001;200608;8;;;1.7;5.4;32;23;;;;;;;;10;1;
6001;200607;8;;;2.1;6.3;31;22;;;;;;;;6;3;
6001;200606;8;;;1.6;5.7;25;19;;;;;;;;3.5;2;
6001;200605;8;;;1.4;3.8;22;16;;;;;;;;3.6;3;
6001;200604;8;;;1.4;3.7;21;17;;;;;;;;56.1;6;
6001;200603;8;;;1.5;3.5;18;12;;;;;;;;101;9;
6001;200602;8;;;1.1;2.6;15;9;;;;;;;;95.5;14;
6001;200601;8;;;0.9;1.7;14;9;;;;;;;;160;16;
6001;200512;8;;;1.1;2.1;15;11;;;;;;;;81.7;15;
6001;200701;8;;;1.1;1.9;17.8;8.8;;;;;;;;86.3;8;
6001;197506;7;;;6;6.4;23;16;15.2;;;;;;;;;
6001;197811;;;;2;;19.3;12.8;;;;;;;;38.4;5;
6001;197605;7;;;3.1;;20.1;13.9;15.9;14.7;;;;;3.1;65.7;6;
6001;197604;7;;;5.1;;16.8;10.5;11.8;13;;;;;4.4;203;14;
6001;197603;7;;;4.7;;19.2;9.7;11.8;;;;;;5.8;107.2;8;
6001;197602;7;;;5.3;;14.9;9.7;11.5;;;;;;;74.4;13;
6001;197601;7;;;5.6;;13.4;9.3;11.2;11;;;;;;75.1;4;
6001;197512;7;;;4.2;;14.2;9.9;11.5;11.7;;;;;;201;15;
6001;197511;7;;;6.2;3;18.4;12.4;14.7;14.1;;;;;4.2;41;3;
6001;197510;7;;;4;4.1;22;16;17.6;16.5;;;;;3.1;7;2;
6001;197509;7;;;4.9;;25.8;18.8;20.7;;;;;;;;;
6001;197607;7;;;5.7;;28;21.4;23.9;21.2;;;;;;;;
6001;197507;7;;;7.3;7.1;27.6;20;19;;;;;;;;;
6001;197608;7;;;5.6;;29.3;19.5;23.9;19.2;;;;;;;;
6001;197505;7;;;5.8;5.4;18.4;12.9;13.7;;;;;;;46.8;4;
6001;197504;7;;;5.6;4.5;16.2;11.4;11.9;;;;;;;65.2;7;
6001;197503;7;;;6.6;7.5;14;8.7;12.7;;;;;;;174.2;13;
6001;197502;;;;5;4.6;15.6;10.3;;;;;;;;186.7;10;
6001;197501;7;;;4.8;2.2;15.5;10.6;12.6;9.2;;;;;;81.7;6;
6001;197412;7;;;4.7;2.2;17.3;11;13;11.5;;;;;;;;
6001;197411;7;;;5.6;2.3;18.8;14.4;15.4;;;;;;4.3;13.1;5;
6001;197410;7;;;5.3;5.6;21.8;12.7;17.4;17.8;;;;;6.1;31.8;3;
6001;197409;7;;;7.9;5.7;26.3;16.6;19.7;18.2;;;;;;;;
6001;197408;7;;;6.8;6.6;28.9;17.9;22;19.1;;;;;;;;
5017;201807;8;;;8.6;;;;;;;;;;;;;
6001;197508;7;;;5.7;6.8;29;20.9;22.5;;;;;;;;;
6001;197708;;;;5.8;;26.4;18.7;;;;;;;;2.2;1;
6001;197808;;;;3.7;;28.2;19;;;;;;;;1;1;
6001;197807;;;;5;;29.7;17.5;;;;;;;;0;0;
6001;197806;;;;5.2;;22.6;14.4;;;;;;;;17.3;6;
6001;197805;;;;3.6;;19.8;12.5;;;;;;;;92.1;7;
6001;197804;;;;3.5;;17.9;11.4;;;;;;;;101;10;
6001;197803;;;;6.6;;16.6;9.6;;;;;;;;46.8;5;
6001;197802;;;;7.7;;18.2;11.6;;;;;;;;139;11;
6001;197801;;;;5.1;;14.2;9.3;;;;;;;;83.2;8;
6001;197712;;;;3.9;;16.8;12.3;;;;;;;;188.7;14;
6001;197711;;;;4.2;3.2;18.2;13.4;;;;;;;;85.5;6;
6001;197606;7;;;3.4;;24.2;17.9;19.6;18.9;;;;;;18.3;3;
6001;197709;;;;3.8;;25.5;18.9;;;;;;;;0.3;1;
6001;197406;7;;;5.6;5.4;23.5;15.5;18.2;16.2;;;;;;16.3;3;
6001;197707;;;;6.8;5.8;25.7;18.4;;;;;;;;9.2;1;
6001;197706;;;;5.9;;21.8;15.9;;;;;;;;16.7;2;
6001;197705;;;;6.8;;19;13.3;;;;;;;;17;2;
6001;197704;;;;4.8;;16.5;10.9;;;;;;;;;;
6001;197703;;;;3.6;;15.9;11.2;;;;;;;;27;3;
6001;197702;7;;;4.7;;14;10.2;14;;;;;;;152.4;7;
6001;197701;7;;;3.1;;13.6;10.1;11.5;;;;;;;332.9;18;
6001;197612;;;;3.9;;14;9;;;;;;;;403.7;18;
6001;197611;7;;;6.1;;16.8;11.7;13.7;;;;;;;18.3;3;
6001;197610;7;;;5.6;;19.1;13.6;15.4;15.2;;;;;;192.3;11;
6001;197609;7;;;4.4;;22.9;18.4;19.8;18.5;;;;;;22.5;2;
6001;197710;;;;1.9;3.8;20.6;15.7;;;;;;;;195.2;12;
5016;201908;8;;;7.9;;;;;;;;;;;;;
5016;201808;8;;;7.7;;;;;;;;;;;;;
5016;202007;8;;;9.8;;;;;;;;;;;;;
5016;202006;8;;;7.6;;;;;;;;;;;;;
5016;202005;8;;;4.8;;;;;;;;;;;;;
5016;202004;8;;;2.2;;;;;;;;;;;;;
5016;202003;8;;;2.7;;;;;;;;;;;;;
5016;202002;8;;;1.8;;;;;;;;;;;;;
5016;202001;8;;;1.1;;;;;;;;;;;;;
5016;201912;8;;;1.2;;;;;;;;;;;;;
5016;201911;8;;;1.7;;;;;;;;;;;;;
5016;202009;8;;;5.8;;;;;;;;;;;;;
5016;201909;8;;;5.4;;;;;;;;;;;;;
5016;202010;8;;;3.3;;;;;;;;;;;;;
5016;201907;8;;;8.2;;;;;;;;;;;;;
5016;201906;8;;;8.1;;;;;;;;;;;;;
5016;201905;8;;;6.2;;;;;;;;;;;;;
5016;201904;8;;;3.8;;;;;;;;;;;;;
5016;201903;8;;;3.6;;;;;;;;;;;;;
5016;201902;8;;;2.2;;;;;;;;;;;;;
5016;201901;8;;;1.2;;;;;;;;;;;;;
5016;201812;8;;;1;;;;;;;;;;;;;
5016;201811;8;;;1.5;;;;;;;;;;;;;
5016;201810;8;;;3.2;;;;;;;;;;;;;
5017;200912;8;;;1.1;;;;;;;;;;;376.9;23;
5016;201910;8;;;3.8;;;;;;;;;;;;;
5017;200810;8;;;2.3;;23.8;12.2;;;;;;;;112;14;
5017;201809;8;;;4.3;;;;;;;;;;;;;
5017;200910;8;;;4.1;;;;;;;;;;;50.1;5;
5017;200908;8;;;9.8;;38.9;19.1;;;;;;;;0;0;
5017;200907;8;;;10.3;;38.6;18.6;;;;;;;;0;0;
5017;200906;8;;;7.7;;34.6;17.2;;;;;;;;4.8;3;
5017;200905;8;;;6;;30;11.5;;;;;;;;6.1;4;
5017;200904;8;;;3.3;;21.6;7.2;;;;;;;;43;6;
5017;200903;8;;;2.5;;21.5;7.6;;;;;;;;45.8;10;
5017;200902;8;;;1.6;;16.9;4.1;;;;;;;;108;6;
5017;200901;8;;;1.2;;13;4.3;;;;;;;;62.1;13;
5016;202008;8;;;8.6;;;;;;;;;;;;;
5017;200811;8;;;1.7;;17.5;5.1;;;;;;;;21.6;4;
5016;201807;8;;;5.9;;;;;;;;;;;;;
5016;202109;8;;;4.8;;;;;;;;;;;;;
5016;202108;8;;;8.8;;;;;;;;;;;;;
5016;202107;8;;;9.3;;;;;;;;;;;;;
5016;202106;8;;;7.1;;;;;;;;;;;;;
5016;202105;8;;;5.3;;;;;;;;;;;;;
5016;202104;8;;;3.1;;;;;;;;;;;;;
5016;202103;8;;;3;;;;;;;;;;;;;
5016;202102;8;;;1.7;;;;;;;;;;;;;
5016;202101;8;;;1.3;;;;;;;;;;;;;
5016;202012;8;;;1.1;;;;;;;;;;;;;
5016;202011;8;;;1.3;;;;;;;;;;;;;
5017;200812;8;;;0.9;;14;3.5;;;;;;;;36.1;10;
5016;201504;8;;;3.4;;;;;;;;;;;47.7;9;
5016;201809;8;;;4;;;;;;;;;;;;;
5016;201603;8;;;3;;;;;;;;;;;17.5;10;
5016;201602;8;;;2.4;;;;;;;;;;;36.1;14;
5016;201601;8;;;1.4;;;;;;;;;;;62.5;23;
5016;201512;8;;;1.9;;;;;;;;;;;6;9;
5016;201511;8;;;1.9;;;;;;;;;;;34.3;12;
5016;201510;8;;;3;;;;;;;;;;;78.2;12;
5016;201509;8;;;6;;;;;;;;;;;21.9;7;
5016;201508;8;;;8;;;;;;;;;;;1.2;2;
5016;201507;8;;;11.5;;;;;;;;;;;0.8;1;
5016;201605;8;;;4.4;;;;;;;;;;;86.7;10;
5016;201505;8;;;7.2;;;;;;;;;;;0.5;1;
5016;201606;8;;;8.9;;;;;;;;;;;12.2;1;
5016;201503;8;;;2.8;;;;;;;;;;;34.7;11;
5016;201502;8;;;2.2;;;;;;;;;;;26.4;12;
5016;201501;8;;;1.7;;;;;;;;;;;30.3;20;
5016;201412;8;;;1;;;;;;;;;;;33.3;22;
5016;201411;8;;;1.8;;;;;;;;;;;135.5;15;
5016;201410;8;;;3.7;;;;;;;;;;;81.3;8;
5016;201409;8;;;5.1;;;;;;;;;;;86.3;11;
5016;201408;8;;;9;;;;;;;;;;;0;0;
5016;201407;8;;;8.9;;;;;;;;;;;0;0;
5016;201406;8;;;7.9;;;;;;;;;;;5;2;
5013;200411;8;;;;1.5;19.8;5.6;;;;;;;;1.8;3;
5016;201506;8;;;8.5;;;;;;;;;;;2.2;2;
5016;201706;8;;;8;;;;;;;;;;;;;
5016;201806;8;;;5.6;;;;;;;;;;;;;
5016;201805;8;;;3.4;;;;;;;;;;;;;
5016;201804;8;;;3.2;;;;;;;;;;;;;
5016;201803;8;;;2.8;;;;;;;;;;;;;
5016;201802;8;;;2.6;;;;;;;;;;;;;
5016;201801;8;;;1.4;;;;;;;;;;;;;
5016;201712;8;;;1.8;;;;;;;;;;;;;
5016;201711;8;;;2.2;;;;;;;;;;;;;
5016;201710;8;;;4;;;;;;;;;;;;;
5016;201709;8;;;5.8;;;;;;;;;;;;;
5016;201604;8;;;3.7;;;;;;;;;;;94.1;12;
5016;201707;8;;;8.7;;;;;;;;;;;;;
5017;201001;8;;;1.2;;;;;;;;;;;156.4;16;
5016;201705;8;;;5.2;;;;;;;;;;;;;
5016;201704;8;;;4.2;;;;;;;;;;;;;
5016;201703;8;;;2.4;;;;;;;;;;;;;
5016;201702;8;;;1.7;;;;;;;;;;;;;
5016;201701;8;;;1.6;;;;;;;;;;;;;
5016;201612;8;;;1.1;;;;;;;;;;;;;
5016;201611;8;;;1.9;;;;;;;;;;;;;
5016;201610;8;;;3.8;;;;;;;;;;;;;
5016;201609;8;;;8.1;;;;;;;;;;;10.7;1;
5016;201608;8;;;10.5;;;;;;;;;;;1.6;2;
5016;201607;8;;;10.4;;;;;;;;;;;0.8;2;
5016;201708;8;;;8.1;;;;;;;;;;;;;
5017;201505;8;;;8.3;;;;;;;;;;;2.1;3;
5017;201405;8;;;6.8;;;;;;;;;;;18.2;5;
5017;201604;8;;;2.3;;;;;;;;;;;128.3;13;
5017;201603;8;;;2.6;;;;;;;;;;;25.9;7;
5017;201602;8;;;1.7;;;;;;;;;;;41;14;
5017;201601;8;;;0.9;;;;;;;;;;;108.6;23;
5017;201512;8;;;1.6;;;;;;;;;;;7.4;4;
5017;201511;8;;;2.2;;;;;;;;;;;71.9;8;
5017;201510;8;;;2.7;;;;;;;;;;;120.1;13;
5017;201509;8;;;5.9;;;;;;;;;;;19.7;8;
5017;201508;8;;;10.2;;;;;;;;;;;1.1;3;
5017;201606;8;;;7.5;;;;;;;;;;;2.1;1;
5017;201506;8;;;9.1;;;;;;;;;;;19.9;2;
5017;201607;8;;;9.9;;;;;;;;;;;0.2;1;
5017;201504;8;;;3.4;;;;;;;;;;;24.7;9;
5017;201503;8;;;3;;;;;;;;;;;43.7;8;
5017;201502;8;;;2.1;;;;;;;;;;;16.3;11;
5017;201501;8;;;1.8;;;;;;;;;;;46.6;10;
5017;201412;8;;;1;;;;;;;;;;;42.1;13;
5017;201411;8;;;1.4;;;;;;;;;;;179.8;15;
5017;201410;8;;;2.9;;;;;;;;;;;89.6;9;
5017;201409;8;;;5.7;;;;;;;;;;;100;11;
5017;201408;8;;;10.1;;;;;;;;;;;0;0;
5017;201407;8;;;9.7;;;;;;;;;;;0.3;1;
5017;200911;8;;;3.3;;;;;;;;;;;15.3;6;
5017;201507;8;;;13.6;;;;;;;;;;;0;0;
5017;201707;8;;;11.6;;;;;;;;;;;;;
5016;201404;8;;;3.9;;;;;;;;;;;60.2;9;
5017;201806;8;;;5.9;;;;;;;;;;;;;
5017;201805;8;;;3.5;;;;;;;;;;;;;
5017;201804;8;;;2.9;;;;;;;;;;;;;
5017;201803;8;;;1.9;;;;;;;;;;;;;
5017;201802;8;;;2.6;;;;;;;;;;;;;
5017;201801;8;;;1.7;;;;;;;;;;;;;
5017;201712;8;;;1.9;;;;;;;;;;;;;
5017;201711;8;;;3;;;;;;;;;;;;;
5017;201710;8;;;6.1;;;;;;;;;;;;;
5017;201605;8;;;3.7;;;;;;;;;;;149.6;10;
5017;201708;8;;;11.2;;;;;;;;;;;;;
5017;201404;8;;;4;;;;;;;;;;;70.8;7;
5017;201706;8;;;11.3;;;;;;;;;;;;;
5017;201705;8;;;5.2;;;;;;;;;;;;;
5017;201704;8;;;4.1;;;;;;;;;;;;;
5017;201703;8;;;2.6;;;;;;;;;;;;;
5017;201702;8;;;1.5;;;;;;;;;;;;;
5017;201701;8;;;1.8;;;;;;;;;;;;;
5017;201612;8;;;1.2;;;;;;;;;;;;;
5017;201611;8;;;1.8;;;;;;;;;;;;;
5017;201610;8;;;4.3;;;;;;;;;;;;;
5017;201609;8;;;8.5;;;;;;;;;;;10.3;1;
5017;201608;8;;;10.7;;;;;;;;;;;0.3;2;
5017;201709;8;;;8.1;;;;;;;;;;;;;
5017;201101;8;;;1.2;;;;;;;;;;;68.6;18;
5017;201406;8;;;8;;;;;;;;;;;1.8;1;
5017;201112;8;;;1.5;;;;;;;;;;;4;6;
5017;201111;8;;;1.8;;;;;;;;;;;123.6;19;
5017;201110;8;;;5.8;;;;;;;;;;;76.4;4;
5017;201109;8;;;7.1;;;;;;;;;;;6.2;2;
5017;201108;8;;;9;;;;;;;;;;;0.6;1;
5017;201107;8;;;10.1;;;;;;;;;;;0;0;
5017;201106;8;;;8;;;;;;;;;;;11.2;3;
5017;201105;8;;;4.4;;;;;;;;;;;24.4;13;
5017;201104;8;;;3.6;;;;;;;;;;;129.3;11;
5017;201202;8;;;3.8;;;;;;;;;;;2.7;4;
5017;201102;8;;;2.2;;;;;;;;;;;70.6;8;
5017;201203;8;;;4.3;;;;;;;;;;;3.6;4;
5017;201012;8;;;1.2;;;;;;;;;;;472.2;22;
5017;201011;8;;;1.4;;;;;;;;;;;88.6;13;
5017;201010;8;;;3.9;;;;;;;;;;;88.6;6;
5017;201009;8;;;7.5;;;;;;;;;;;20.1;6;
5017;201008;8;;;10.4;;;;;;;;;;;27.3;4;
5017;201007;8;;;11.4;;;;;;;;;;;0.6;1;
5017;201006;8;;;6.4;;;;;;;;;;;52.6;7;
5017;201005;8;;;4.5;;;;;;;;;;;45.4;8;
5017;201004;8;;;3.9;;;;;;;;;;;58.2;10;
5017;201003;8;;;2.4;;;;;;;;;;;109.5;14;
5017;201002;8;;;1.6;;;;;;;;;;;249.8;20;
5017;201103;8;;;2.4;;;;;;;;;;;58.7;12;
5017;201303;8;;;1.4;;;;;;;;;;;226.9;22;
5017;201403;8;;;3.6;;;;;;;;;;;35.9;11;
5017;201402;8;;;1.3;;;;;;;;;;;119.6;20;
5017;201401;8;;;1.4;;;;;;;;;;;87.9;19;
5017;201312;8;;;1.4;;;;;;;;;;;92.3;7;
5017;201311;8;;;2;;;;;;;;;;;8.2;6;
5017;201310;8;;;3;;;;;;;;;;;49.4;5;
5017;201309;8;;;5.9;;;;;;;;;;;44.8;4;
5017;201308;8;;;8.7;;;;;;;;;;;4.3;3;
5017;201307;8;;;8.8;;;;;;;;;;;0.1;1;
5017;201306;8;;;6.2;;;;;;;;;;;10.6;3;
5017;201201;8;;;1.5;;;;;;;;;;;14.1;7;
5017;201304;8;;;2.7;;;;;;;;;;;87.2;7;
5017;201808;8;;;8;;;;;;;;;;;;;
5017;201302;8;;;1.8;;;;;;;;;;;56.4;13;
5017;201301;8;;;1.1;;;;;;;;;;;70.3;14;
5017;201212;8;;;0.8;;;;;;;;;;;46.6;15;
5017;201211;8;;;1.1;;;;;;;;;;;234.3;16;
5017;201210;8;;;2.7;;;;;;;;;;;75;11;
5017;201209;8;;;5.6;;;;;;;;;;;126.6;6;
5017;201208;8;;;10.1;;;;;;;;;;;0.1;1;
5017;201207;8;;;10.7;;;;;;;;;;;0;0;
5017;201206;8;;;10.1;;;;;;;;;;;0;0;
5017;201205;8;;;5.9;;;;;;;;;;;62.9;8;
5017;201204;8;;;3.4;;;;;;;;;;;48.3;11;
5017;201305;8;;;3.7;;;;;;;;;;;18.7;3;
5009;199507;8;;;6.7;9.1;35.8;18.4;21.5;18.5;;;;;;0;0;346
5009;199910;8;;;1.9;3;24.8;13.5;16.8;16.5;;;;;;256;8;166
5009;199907;8;;;4.9;9.7;34.8;18.5;20.4;19.4;;;;;;0;0;
5009;199906;8;;;5.3;9.8;33.5;14.7;19.6;18.1;;;;;0.3;0;0;
5009;199905;8;;;3.9;6.2;28.6;12.3;16.5;15.8;;;;;0.4;29;2;300
5009;199904;8;;;3;4;26.7;8.3;13.3;12.7;;;;;0.4;17;1;
5009;199903;8;;;2.4;3.4;20.9;6.7;10.7;10;;;;;0.4;9;3;240
5009;199902;8;;;2;2.5;17.5;2.2;4.9;4.4;;;;;0.3;9.5;2;237
5009;199901;8;;;1.3;1.7;16.8;2.3;5.6;5.2;;;;;0.2;48;7;
5009;199812;8;;;1.6;2.4;18;1.7;5.2;4.7;;;;;0.2;28;3;229
5009;199810;8;;;3.3;4.1;26;10.6;14.7;13.8;;;;;0.3;18.5;2;243
5010;200604;8;;;3.3;;23;9.9;11.6;11.2;;;;;;23.5;5;
5009;199508;8;;;5.9;7.9;35.7;19.2;20.8;19.1;;;;;;13;1;329
5009;200001;8;;;1.3;1.2;15.3;2.2;5.8;5.7;;;;;;30;4;
5009;199506;8;;;4.5;6.8;29.7;16.1;18.6;16.5;;;;;;22;4;288
5009;199505;8;;;5.1;7.3;30.6;14.1;17.6;14.3;;;;;;2.5;1;312
5009;199504;8;;;4.7;5.9;25.6;8.8;11.2;9.6;;;;;;21;1;267
5009;199503;8;;;3.2;3.7;23;6.8;9;8;;;;;;6.5;1;250
5009;199502;8;;;2.1;2.7;19.2;5.5;7.5;6.6;;;;;;;;
5009;199501;8;;;1.3;1.5;16.6;3.6;7.5;6.2;;;;;;27.5;3;174
5009;199412;8;;;1.1;1.3;16.6;5.7;9.8;8.6;;;;;;26;3;169
5009;199411;8;;;1.4;1.6;21.5;10.4;12.7;11.8;;;;;;97;5;179
5009;199410;8;;;2.7;3.1;25.9;14.3;16.7;15.2;;;;;;46.3;5;173
5009;199409;8;;;;5.9;30.5;13.2;17.6;14.6;;;;;;3;1;
5009;199509;8;;;4.7;5.8;29.5;14.6;17.1;15.2;;;;;;23;2;
5010;199607;8;;;8.4;7.9;35.5;18.3;20.7;18;;;;;;0;0;
5010;199707;8;;;6.8;;32.5;17;19;17.7;;;;;;2.6;2;
5010;199706;8;;;5.3;;28.4;15;17.4;15.9;;;;;;66.8;5;
5010;199705;8;;;4.7;;25.9;11.7;14.8;13.3;;;;;;44.5;7;
5010;199704;8;;;4.2;;24.8;10.1;12.2;11.4;;;;;;43;3;
5010;199703;8;;;4.1;;24;7;9.6;8.7;;;;;;0;0;
5010;199702;8;;;1.9;;19.4;5.4;7.8;7.2;;;;;;0;0;
5010;199701;8;;;1;;13.4;4.6;6.7;6.5;;;;;;214;13;
5010;199612;8;;;0.9;;13.9;6.3;9.1;8.9;;;;;;561;20;
5010;199611;8;;;1.7;;18.8;6.7;8.7;8.5;;;;;;98;6;
5010;199610;8;;;3.4;;25.2;11;12.3;11.6;;;;;;8.3;3;
5009;199911;8;;;1.9;2.5;19.6;5.3;8.3;8.2;;;;;;3;1;228
5010;199608;8;;;7.1;7.1;33.8;16.6;18.7;17;;;;;;4.5;2;
5009;199912;8;;;1.5;1.5;17.8;4.7;10.4;10.1;;;;;;36;5;
5010;199606;8;;;7.6;7.7;33.6;16.7;20.1;17.2;;;;;;0;0;
5010;199605;8;;;3.3;4.3;23.6;11.6;14.3;13.5;;;;;;139;11;
5010;199603;8;;;2.3;2.1;17.9;6.4;9.1;8.8;;;;;;38.2;9;
5010;199601;8;;;0.7;;13.3;6.8;8.8;8.8;;;;;;433;20;
5010;199512;8;;;0.9;0.8;14.9;7.6;9.9;9.8;;;;;;346;22;
5010;199511;8;;;1.9;1.8;20.4;9.1;12;11.5;;;;;;168;12;
5010;199510;8;;;4;3;27.8;10.7;14;13.9;;;;;;6.8;4;
5009;200004;8;;;2.5;;21.2;7.5;11.3;11;;;;;;91;3;230
5009;200003;8;;;2.6;4;24;7.6;11;10.4;;;;;;23.5;2;249
5009;200002;8;;;2;2.4;22.2;5.7;9.7;9;;;;;;0;0;
5009;199406;8;;;;8.3;33.1;17.1;20.2;17.1;;;;;;0;0;
5010;199609;8;;;4.8;5.3;27.8;13.7;15.6;14.8;;;;;;74.7;8;
5009;199010;8;;;;3.2;24.3;14.2;15.6;14.5;;;;;4.4;103.1;9;
5009;199408;8;;;;7.9;36.2;18;20.6;18.1;;;;;;0;0;
5009;199203;8;;;;4.2;21.8;8.8;14.8;11.2;;;;;4.6;15.9;3;
5009;199202;8;;;;2;18.2;5.9;11.3;8.2;;;;;3.7;43.4;12;
5009;199201;8;;;;1.7;14.8;4.2;8.9;6.1;;;;;3.5;2.1;7;
5009;199112;8;;;;1.3;16.7;8.1;11.8;9.4;;;;;3.4;42;10;
5009;199111;8;;;;1.7;19.4;8.4;13.5;11.3;;;;;2.9;26.8;4;
5009;199104;8;;;;4.2;21.9;8.8;10.2;9.2;;;;;4.6;34.4;6;
5009;199103;8;;;;2.5;19.1;9.1;10.4;9.4;;;;;4.6;139.7;9;
5009;199102;8;;;;1.7;14.7;4.7;6.2;5.6;;;;;3.5;115.6;10;
5009;199101;8;;;;1.5;15.2;4.6;6.1;5.2;;;;;3;22.9;6;
5009;199205;8;;;;6.6;28.4;15.4;21.5;16.9;;;;;4.7;28.8;8;
5009;199011;8;;;;1.5;19.3;9.1;10.4;9.5;;;;;3;67.7;12;
5009;199206;8;;;;6.2;26.2;15.8;20.4;15.6;;;;;4.5;38.4;6;
5009;199009;8;;;;5.5;31.5;19.5;20.4;19.3;;;;;4.4;2.1;1;
5009;199008;8;;;;7.3;35.1;20.4;21.3;19.7;;;;;5;0;0;
5009;199007;8;;;;9;35.8;21;22.6;19.7;;;;;5.3;0;0;
5009;199006;8;;;;7.9;29.8;16.6;17.9;16.3;;;;;5.5;0;0;
5009;199005;8;;;;6.6;27.5;14.3;15.6;14.1;;;;;5.1;2.7;2;
5009;199004;8;;;;4.8;21.7;9.8;11.3;10.1;;;;;5.6;91.6;14;
5009;199003;8;;;;3.7;22.5;10.7;11.8;10.2;;;;;5.6;31.5;5;
5009;199002;8;;;;1.7;20.6;7.9;9.2;8.7;;;;;3;0.4;1;
5009;199001;8;;;;1.3;15.4;6.5;7.5;6.8;;;;;3.6;60.8;8;
5009;198912;8;;;;1.5;17.1;11.9;13.2;12.3;;;;;5.4;278.1;21;
5009;198911;8;;;;2.2;20;11.8;12.8;12.3;;;;;4.5;323.9;15;
5009;199012;8;;;;1;14.9;5.2;6.8;6;;;;;3.3;29.6;8;
5009;199306;8;;;;7.3;30.4;16.7;17.5;15.9;;;;;4.6;1.5;1;
5010;199710;8;;;2.9;;25.6;13.6;15.4;14.7;;;;;;54.2;6;
5009;199405;8;;;;4.8;25.5;12.1;15;13.7;;;;;;45.3;7;
5009;199404;8;;;;5;23.4;8.4;11.1;9.1;;;;;;24.6;3;
5009;199403;8;;;;3.7;22.7;9;11.2;9.9;;;;;3.2;0;0;
5009;199402;8;;;;1.6;16.1;5.5;7.4;6.4;;;;;3.7;48.2;8;
5009;199401;8;;;;1.9;17.5;3.4;4.7;3.5;;;;;2.4;69.1;4;
5009;199312;8;;;;1.6;17.1;6.8;7.8;6.8;;;;;2.7;6.3;3;
5009;199311;8;;;;1.8;18.4;9.8;10.6;9.8;;;;;2.9;75.8;8;
5009;199310;8;;;;3.3;21.9;12.2;13.3;11.9;;;;;5;113.9;17;
5009;199309;8;;;;5.7;28.6;15.3;16.1;13.9;;;;;3.9;9.7;7;
5009;199204;8;;;;5.7;24.6;11.2;17.7;14.6;;;;;5.2;49.1;3;
5009;199307;8;;;;8.7;36.6;19.5;20.7;18;;;;;4.1;0;0;
5009;199407;8;;;;9.2;37.2;18.7;20.9;18;;;;;;0;0;
5009;199305;8;;;;4.5;24.1;12.9;14.3;13;;;;;4.3;59.3;10;
5009;199304;8;;;;4.9;21.9;9.3;10.9;9.4;;;;;4.5;69.5;8;
5009;199303;8;;;;3.7;21.3;8.4;10;8.3;;;;;3.7;40.8;4;
5009;199302;8;;;;2.4;18.1;6.9;7.9;6.3;;;;;4.9;26.2;6;
5009;199301;8;;;;1.6;16.5;2.4;4.2;2.8;;;;;2.5;19.7;3;
5009;199212;8;;;;1.4;16.5;7.4;8.7;7.7;;;;;3.5;24;7;
5009;199211;8;;;;1.8;21.4;8.3;10.1;9.2;;;;;1.7;15.9;3;
5009;199210;8;;;;3;23.2;10.8;13.3;12;;;;;3.3;110.1;12;
5009;199209;8;;;;4.9;32.2;15.5;18.3;15.9;;;;;3.8;29.5;3;
5009;199208;8;;;;7.1;35;19.6;21.2;18.8;;;;;4.3;3.2;1;
5009;199207;8;;;;8.4;36;19.6;23.4;19.7;;;;;4;;;
5009;199308;8;;;;6.6;33.8;19.5;20.6;18.2;;;;;4.3;0;0;
5010;200301;8;;;1.4;;13.1;2.8;5.4;4.9;;;;;;77.6;9;
5010;200201;8;;;1.1;;15.3;4.2;6.3;6.1;;;;;;78.5;4;
5010;200312;8;;;1.2;;13.4;4.7;6.9;6.4;;;;;;164;10;
5010;200311;8;;;2;;21.2;12.5;14.3;13.8;;;;;;308;17;
5010;200310;8;;;1.6;;17;8.4;10.6;10;;;;;;138;9;
5010;200309;8;;;6.8;;31.4;14.8;16.6;15;;;;;;4.2;;
5010;200308;8;;;9.8;;36.7;19.3;20.9;18.4;;;;;;0;0;
5010;200307;8;;;8.3;;34.9;17.7;20.1;17.3;;;;;;0;0;
5010;200306;8;;;7.2;;34.7;16.9;19.2;17.2;;;;;;1;1;
5010;200305;8;;;5.4;;28.9;12.6;15.2;13.8;;;;;;0;0;
5010;200304;8;;;2.7;;20.4;8.1;10.1;9.8;;;;;;94;8;
5010;200402;8;;;1.3;;15.3;4.7;6.6;6.4;;;;;;143;7;
5010;200302;8;;;1.5;;12.9;3.4;5.8;5.4;;;;;;142;10;
5010;200403;8;;;1.9;;17.7;5.8;8.2;7.7;;;;;;73.2;11;
5010;200212;8;;;1;;14.3;6.6;9.2;8.9;;;;;;163;12;
5010;200211;8;;;1.4;;17.3;7.3;10;9.8;;;;;;161;10;
5010;200210;8;;;2.4;;23.3;12.4;13.8;13.4;;;;;;72.9;8;
5010;200209;8;;;3.8;;27.3;14.9;16.2;15.6;;;;;;92.2;7;
5010;200208;8;;;6.6;;33.8;15.6;17.5;17.2;;;;;;;;
5010;200207;8;;;7.3;;36;17.4;19.2;16.8;;;;;;;;
5010;200206;8;;;6;;32.7;15.8;18.6;16;;;;;;1;1;
5010;200205;8;;;4.2;;27.1;10.9;13.5;11.8;;;;;;13.8;4;
5010;200204;8;;;2.7;;21.8;8.2;10.5;10;;;;;;83.5;8;
5010;200203;8;;;2;;19.5;7.3;9.6;9.1;;;;;;136;10;
5010;199708;8;;;7;;33.9;17.6;19;17.6;;;;;;7.8;3;
5010;200303;8;;;2.9;;19.3;6.9;9.4;8.7;;;;;;57;4;
5010;200503;8;;;2.2;;17.6;6;8.3;7.8;;;;;;43.3;8;
5013;200501;8;;;;1.1;16.1;0;;;;;;;;0;0;
5010;200602;8;;;1.6;;14;1.9;4.2;4;;;;;;38.2;7;
5010;200601;8;;;1.2;;12.1;2.3;4.6;4.3;;;;;;104;8;
5010;200512;8;;;1.3;;13.6;2.9;5.4;5.1;;;;;;76.9;5;
5010;200511;8;;;1.7;;16.1;5.6;7.8;7.1;;;;;;16.1;7;
5010;200510;8;;;2.6;;23.8;11.4;13.4;12.4;;;;;;122;10;
5010;200509;8;;;5.5;;31.5;13.7;15.4;13.6;;;;;;3.9;2;
5010;200508;8;;;7.9;;37.2;17.1;19;16.4;;;;;;0;0;
5010;200507;8;;;8.2;;37.1;18.1;20.3;17.4;;;;;;0;0;
5010;200506;8;;;7.5;;35.2;17.2;19.2;16.7;;;;;;2;1;
5010;200401;8;;;1.1;;14.5;4;6.6;6.4;;;;;;19.3;7;
5010;200504;8;;;4.2;;23.9;8.4;10.3;9.2;;;;;;27.2;4;
5010;200112;8;;;1.4;;14.3;3.9;6.1;5.3;;;;;;69;7;
5010;200502;8;;;2.4;;14;-0.9;2.4;1.8;;;;;;34.5;4;
5010;200501;8;;;1.7;;13.8;-0.5;1.5;1.4;;;;;;0;0;
5010;200412;8;;;1.6;;13.7;3.6;6.1;5.7;;;;;;25.7;3;
5010;200411;8;;;1.8;;17;5.8;7.7;7;;;;;;12.6;2;
5010;200410;8;;;2.9;;24.4;11.4;13.4;12.8;;;;;;184;12;
5010;200409;8;;;5.1;;31.7;14.4;16.2;14.9;;;;;;13.5;1;
5010;200408;8;;;7;;35.1;18.6;20.1;17.6;;;;;;19;2;
5010;200407;8;;;7.4;;36.2;18.5;20.6;17.4;;;;;;0;0;
5010;200406;8;;;5.6;;34.5;17.3;19.7;17.5;;;;;;0;0;
5010;200405;8;;;2.8;;22.9;10.7;12.7;12.1;;;;;;63.5;8;
5010;200404;8;;;3;;20.6;7.1;9.1;8.5;;;;;;36.5;6;
5010;200505;8;;;5.4;;29.1;12.9;15.1;13.2;;;;;;54;6;
5010;199809;8;;;4.5;;29.8;16.6;17.8;16.3;;;;;;50.7;6;
5010;200202;8;;;1.9;;18.3;3.7;5.7;5.3;;;;;;3.5;2;
5010;199908;8;;;8.4;;35.2;17.7;18.8;16.9;;;;;;1.7;1;
5010;199907;8;;;8.9;;35.8;18.7;20.4;17.7;;;;;;0;0;
5010;199906;8;;;8.3;;33.4;16.8;19.5;16.4;;;;;;6.3;3;
5010;199905;8;;;5.4;;28;13.1;;;;;;;;17.9;3;
5010;199904;8;;;4.9;;25.3;8.3;10.4;9.2;;;;;;27.5;4;
5010;199903;8;;;2.6;;20.2;6.6;8.5;7.9;;;;;;41.6;10;
5010;199902;8;;;2.4;;17.1;1.6;3.3;3.1;;;;;;6;4;
5010;199901;8;;;1.3;;15.5;1.6;3.7;3.4;;;;;;30;6;
5010;199812;8;;;1.6;;16.4;13.8;3.3;2.7;;;;;;33.7;2;
5010;199910;8;;;2.4;;23.1;13;14.5;14;;;;;;229;16;
5010;199810;8;;;3.1;;25.5;9.7;11.1;10.3;;;;;;9.8;3;
5010;199911;8;;;1.9;;16.8;5.4;6.8;6.3;;;;;;12;5;
5010;199808;8;;;6.8;;35.8;18.1;19.6;17.7;;;;;;0;0;
5010;199807;8;;;7.3;;36.5;18.4;20.4;18.4;;;;;;0;0;
5010;199806;8;;;5.6;;32.4;15.7;18.1;17.3;;;;;;1;1;
5010;199805;8;;;2.5;;23.7;11.7;13.5;13.1;;;;;;116;15;
5010;199804;8;;;2.6;;20.2;7.7;9.4;8.9;;;;;;53.5;13;
5010;199803;8;;;3.3;;23.1;6.4;8.7;8;;;;;;34;3;
5010;199802;8;;;1.5;;17.2;6.6;8.6;8.5;;;;;;180;6;
5010;199801;8;;;1;;19.6;4.7;6.8;6.7;;;;;;61;7;
5010;199712;8;;;0.7;;14.3;5.7;8.5;8.5;;;;;;194;13;
5010;199711;8;;;1.1;;17.1;8.9;11;10.9;;;;;;160;20;
5009;198908;7;;;;7.2;33.7;20.1;21.3;19.1;;;;;4.8;6.7;2;
5010;199811;8;;;1.9;;20.1;7;9.3;8.7;;;;;;26;3;
5010;200011;8;;;1.4;;16.6;6.1;8.7;8.5;;;;;;118;13;
5010;200111;8;;;1.9;;16.7;6.2;8.2;7.3;;;;;;96.5;3;
5010;200110;8;;;2.3;;23.8;13.3;15;14.3;;;;;;187;8;
5010;200109;8;;;4.5;;30.3;15.9;17.4;16.4;;;;;;83.5;5;
5010;200108;8;;;7.7;;36.4;18.4;20.3;17.8;;;;;;;;
5010;200107;8;;;7.7;;35.2;16.9;19.8;16.9;;;;;;1.8;1;
5010;200106;8;;;8.1;;35.2;16.5;19.8;16.6;;;;;;3;1;
5010;200105;8;;;4;;25.5;11.2;13.6;12.7;;;;;;36.9;10;
5010;200104;8;;;4;;24.7;8.4;10.1;9.1;;;;;;1.5;2;
5010;200103;8;;;1.8;;19.1;8.6;10.8;10.5;;;;;;210;12;
5010;200102;8;;;1.9;;16.3;5;7.1;6.7;;;;;;38.6;9;
5010;199909;8;;;5.2;;29.6;14.7;16.1;15.3;;;;;;9.8;3;
5010;200012;8;;;0.8;;14.3;5.5;8;7.8;;;;;;275;15;
5010;199709;8;;;5.2;;31.3;16.2;17.8;16.6;;;;;;45.8;5;
5010;200010;8;;;3;;24.7;9.9;11.5;10.7;;;;;;63.9;6;
5010;200009;8;;;5.7;;32.1;14.4;15.8;14.5;;;;;;5.7;2;
5010;200008;8;;;7.8;;36.3;16.7;18.9;16.2;;;;;;;;
5010;200007;8;;;7.8;;35.8;17.3;19.9;17.1;;;;;;;;
5010;200006;8;;;6.5;;33.4;15.7;18.4;15.9;;;;;;;;
5010;200005;8;;;2.7;;25.7;12.8;14.4;13.9;;;;;;105;11;
5010;200004;8;;;2.1;;18.2;7;9.1;8.7;;;;;;247;16;
5010;200003;8;;;3.1;;21.5;6;8.1;7.6;;;;;;32.3;6;
5010;200002;8;;;2.4;;20.1;4.4;6.3;5.9;;;;;;1;1;
5010;200001;8;;;1.4;;13.4;0.9;2.7;2.5;;;;;;35.4;5;
5010;199912;8;;;1.1;;14.1;5.2;7.6;7.2;;;;;;49.2;9;
5010;200101;8;;;0.8;;13.1;5.1;7.6;7.4;;;;;;289;18;
5008;198812;7;;;;1.4;12.5;1.5;2.8;2.1;;;;;2.3;0;0;
5008;198712;7;;;1.1;1.2;17.8;9;10.3;9.1;;;;;4.4;229;16;
5008;198911;7;;;;2.3;18.2;10.6;11.6;10.6;;;;;3.1;338.4;16;
5008;198910;7;;;;3.4;25.1;14.5;15;14.2;;;;;3.1;93.7;8;
5008;198909;7;;;;5.5;30.5;16.7;17.2;15.4;;;;;2.9;15.6;4;
5008;198908;7;;;;7.7;34.3;18.9;20.1;18.1;;;;;3.3;0;0;
5008;198907;7;;;;8.8;35.5;19.3;20.2;17.8;;;;;2.8;0;0;
5008;198906;7;;;;8.2;29.9;14.9;16.3;14.8;;;;;3.1;0;0;
5008;198905;7;;;;6.2;24.9;11.6;13.1;11.8;;;;;3;22;6;
5008;198904;7;;;;4.3;17.5;7.6;8.9;8.1;;;;;4.2;44.2;8;
5008;198903;7;;;;3.5;19.3;7.5;8.6;7.4;;;;;2.8;22.1;6;
5008;199001;7;;;;1.4;14.1;4.5;5.7;5;;;;;2.6;81.1;8;
5008;198901;7;;;;1.6;12.8;2.5;3.8;3.2;;;;;2.5;20.5;3;
5008;199002;7;;;;2.5;19.2;6.8;7.7;7;;;;;2;0;0;
5008;198811;7;;;;1.8;16.8;9.8;11.3;10.9;;;;;2.5;90.8;12;
5008;198810;7;;;;3.3;22.1;12.8;14.1;13.6;;;;;2.9;131.2;10;
5008;198809;7;;;6.6;5.6;30.4;14.6;15.9;13.8;;;;;3.6;0;0;
5008;198808;7;;;7.2;7.2;33.5;16.7;17.3;16.8;;;;;2.7;0;0;
5008;198807;;;;;;;;;;;;;;;;;
5008;198806;7;;;4.8;5.8;25.4;14.8;16.9;15.6;;;;;3;23.9;8;
5008;198805;7;;;3.7;4.8;23.6;11.6;13.4;12.5;;;;;2.2;64.3;13;
5008;198804;7;;;3.6;3.9;19.3;9.8;9.9;9.6;;;;;3.4;35.6;6;
5008;198803;7;;;3.2;3.6;22.3;6.2;7.6;6.3;;;;;3.4;3;2;
5008;198802;7;;;2.3;2;16.9;5.3;5.8;5.6;;;;;3.3;23.5;5;
5008;199209;7;;;;6.2;30.9;15;15.7;13.4;;;;;3.9;98.4;3;
5008;198902;7;;;;2.5;14.6;5.2;6.8;5.7;;;;;4.8;83.7;11;
5008;199102;7;;;;1.8;13.3;2.9;4.9;4.3;;;;;2.8;149.6;7;
5009;198910;8;;;;3.1;27.2;15.5;16.9;15.2;;;;;3.5;98.5;8;
5008;199207;7;;;;8.3;35.4;18;18.8;16.4;;;;;3.7;0;0;
5008;199206;7;;;;5.7;25.7;13.7;14.8;13.8;;;;;5;102.4;9;
5008;199205;7;;;;6.5;27.9;13.4;14.3;12.5;;;;;5.1;22.5;6;
5008;199204;7;;;;5.5;23.3;9.1;10.1;9.2;;;;;5.5;82.6;6;
5008;199203;7;;;;3.5;20.3;6.8;7.4;6.1;;;;;5.1;18.3;2;
5008;199202;7;;;;2.1;16.2;4;4.8;3.8;;;;;4.5;74.1;5;
5008;199201;7;;;;1.3;12.7;2;2.9;2.2;;;;;4.6;4.4;4;
5008;199112;7;;;;1;14;6.2;7;6.1;;;;;3.7;44.1;6;
5008;199111;7;;;;1.9;18;6;7.2;6.5;;;;;2.5;36.8;4;
5008;198912;7;;;;1.7;15.3;10.7;11.4;10.6;;;;;4.5;176.8;16;
5008;199103;7;;;;3.3;17.5;8.6;9.6;8.7;;;;;3.5;133.9;7;
5008;198711;7;;;2.1;1.6;18.2;6.9;8.5;7.5;;;;;3.4;63;6;
5008;199101;7;;;;1.5;13.4;3.5;4.5;3.8;;;;;2.5;32.5;5;
5008;199012;7;;;;1;13.3;4.4;5.1;4.5;;;;;2.6;11.4;5;
5008;199011;7;;;;1.9;17.8;8.4;8.7;8;;;;;2.5;81.1;9;
5008;199010;7;;;;4;22.4;13.5;14.5;13.4;;;;;3.2;128;13;
5008;199009;7;;;;6.1;30.8;18.4;19;17.1;;;;;2.7;5.1;4;
5008;199008;7;;;;8.2;35.7;18.6;19.2;17.3;;;;;2.9;0.5;1;
5008;199007;7;;;;9.1;36.4;19.3;20.1;17.6;;;;;2.9;0;0;
5008;199006;7;;;;8.1;30.3;15.9;16.6;15;;;;;0.9;0;0;
5008;199005;7;;;;6.7;26.5;13.2;13.8;12.3;;;;;0.9;22.6;1;
5008;199004;7;;;;4.4;19.2;9.2;10.1;8.7;;;;;2.5;99.9;13;
5008;199003;7;;;;3.6;20.1;9;9.8;8.1;;;;;3.3;12.2;4;
5008;199104;7;;;;4.8;20.7;8.2;8.9;7.9;;;;;2.8;13.4;4;
5007;199208;7;;;;10.5;34.6;18.1;20.2;19.1;;;;;7.8;0;0;
5008;198801;7;;;1.2;1.3;14.4;7.7;7.9;7.6;;;;;3.8;74.3;15;
5007;199307;7;;;;9.7;33.8;16.7;19.1;17.4;;;;;8.8;0;0;
5007;199306;7;;;;7.1;29;14.6;16.4;15.3;;;;;8;6;10;
5007;199305;7;;;;5.2;23.7;11.1;12.9;12.3;;;;;7.8;73.2;8;
5007;199304;7;;;;4.8;22.2;6.6;8.7;8.1;;;;;;65.3;8;
5007;199303;7;;;;4.6;21;6;8.2;7.6;;;;;6.3;28.6;5;
5007;199302;7;;;;2.9;17.6;4.2;6;5.4;;;;;7.5;50;6;
5007;199301;7;;;;2;15.7;0.8;2.4;1.7;;;;;5;25;4;
5007;199212;7;;;;2.9;17.1;6.1;8.7;7.8;;;;;7.4;29.9;5;
5007;199211;7;;;;2.6;20.8;7;8.8;8.3;;;;;3.8;5;1;
5007;199309;7;;;;6.7;26.9;14.2;15.3;14.9;;;;;10.1;0;0;
5007;199209;7;;;;7.7;29.9;15.5;17.6;16.5;;;;;7;16.6;1;
5007;199310;8;;;;3.4;20.9;10.7;12.7;12.1;;;;;6.5;126.2;17;
5007;199207;7;;;;8.4;33.7;17.8;19.8;18.9;;;;;8.7;0;0;
5007;199206;7;;;;5;25.3;13.5;15;14.3;;;;;8.6;54.2;4;
5007;199205;7;;;;6.5;26.9;12;14.2;13.3;;;;;7.5;24.1;7;
5007;199204;7;;;;3.7;23;8.7;10.7;10.1;;;;;6.5;113.3;6;
5007;199203;7;;;;3.4;20.1;6.6;8.4;7.8;;;;;5.4;18.8;2;
5007;199202;7;;;;3.3;17.5;4.2;7.3;6.5;;;;;5.4;38;7;
5007;199201;7;;;;1.8;15.3;1.8;4.1;3.3;;;;;8.2;0.9;2;
5007;199112;7;;;;1.6;16.3;5.9;7.9;7.3;;;;;4.7;20.3;7;
5007;199111;7;;;;2.5;19.4;5.8;7.9;7.3;;;;;5;15.6;1;
5007;199104;7;;;;4.7;20.8;7.2;9.6;8.8;;;;;8.3;15.6;5;
5007;199103;7;;;;3.1;17.9;7.7;10.6;9.8;;;;;7.4;90.3;9;
5007;199210;7;;;;3.5;22.1;10.2;12.4;11.5;;;;;8.6;53.2;6;
5007;199502;8;;;2.8;3.2;18.3;6.3;8.3;7.8;;;;;1.9;60;5;
5008;198710;7;;;2.4;2.6;20.3;12.7;13.2;12.9;;;;;4.3;115.5;12;
5008;198709;7;;;6;5.8;33.1;26;18.6;15;;;;;3.1;21.9;4;
5008;198708;7;;;7.2;7.6;33;19;18.9;14.5;;;;;4.2;38.6;2;
5008;198707;7;;;5.2;8.2;33.4;27;19.4;16;;;;;4.2;11.2;5;
5008;198706;7;;;6.7;8.3;32;23;17.1;15;;;;;3.8;2.1;2;
5007;199509;8;;;5.9;6.4;29;15.1;17.6;16.9;;;;;;0;0;303
5007;199508;8;;;10.4;11.1;33.4;18.7;20.9;20.1;;;;;5.8;0;0;319
5007;199507;8;;;12.3;13.2;33.8;17.8;19.6;18.7;;;;;5.3;0;0;340
5007;199506;8;;;8.2;8.2;28.1;15.5;17.4;16.8;;;;;5.6;25;4;259
5007;199505;8;;;7.8;8;27.8;14;16.2;15.2;;;;;5.8;0;0;265
5007;199308;7;;;;9.4;32.5;17.5;19.5;18.2;;;;;10.4;0;0;
5007;199503;8;;;5.2;5.4;21.7;6.7;8;7.7;;;;;2.4;9;2;
5008;199210;7;;;;2.9;20.7;10.2;11.5;10.6;;;;;4.3;141.7;15;
5007;199501;8;;;1.7;2.1;15.9;2.6;4.5;3.8;;;;;4.1;15.8;5;195
5007;199412;8;;;1.3;1.9;17.6;4.6;5.9;5.4;;;;;2.7;11;2;163
5007;199411;8;;;1.3;1.8;20.9;9.8;11.9;11.4;;;;;2;22.5;4;200
5007;199410;8;;;2.5;3.4;25.3;13.7;15.4;15;;;;;8.2;18.2;6;219
5007;199405;8;;;;5.2;24.7;12.6;14.4;13.7;;;;;11.2;62.4;6;
5007;199404;8;;;;4.1;22.9;7.1;9.1;8.5;;;;;9.2;16.2;5;
5007;199403;8;;;;2.9;22.8;6.9;8.8;8.2;;;;;;9.5;19;
5007;199402;8;;;;1.6;16.4;3.4;6.2;5.6;;;;;;72;16;
5007;199401;8;;;;1.9;15.8;2.7;5.4;4.6;;;;;;34;6;
5007;199312;8;;;;2;16.5;4;6.3;5.7;;;;;5.3;1;1;
5007;199311;8;;;;1.9;18.3;8.8;10;9.5;;;;;7.3;52.4;10;
5007;199504;8;;;7.4;7.4;24.2;9;11.1;10.2;;;;;4;17;1;283
5008;200101;8;;;0.9;1.2;14.9;6.4;8.2;7.7;;;;;;230;17;111
5008;200001;8;;;1.4;1.3;14;1.7;2.9;2.2;;;;;3.5;8.6;5;207
5008;200112;8;;;1.7;1.2;15.1;4.5;5.9;5;;;;;;99;6;132
5008;200111;8;;;1.9;1.5;17.2;6.5;7.7;6.8;;;;;;104;4;194
5008;200110;8;;;2.4;2.9;24.9;14.5;15.6;14.7;;;;;;87.4;10;189
5008;200109;8;;;4.4;4.9;30;16.8;17.7;16.9;;;;;;49.2;4;235
5008;200108;8;;;6.6;7.7;35;18.1;19.1;17.6;;;;;;0;0;349
5008;200107;8;;;7;8;33.8;16.6;18.1;16.4;;;;;;1.8;1;366
5008;200106;8;;;7.3;8.7;33.8;16.3;17.8;15.6;;;;;;1.1;1;396
5008;200105;8;;;4;5.7;26;12.2;13.5;12.6;;;;;;52.8;11;269
5008;200104;8;;;4.8;5.5;24.6;9.3;10.8;9.5;;;;;;7.7;3;303
5008;200202;8;;;2;2.2;19;5.1;6.2;5.4;;;;;;8.9;3;198
5008;200102;8;;;1.8;2.4;17.6;5.7;7.2;6.6;;;;;;40.1;11;171
5008;200203;8;;;2;3.4;20.6;8.4;9.9;9.2;;;;;;130;12;216
5008;200012;8;;;0.9;1.2;15.3;7;8.4;7.7;;;;;;209;14;104
5008;200011;8;;;1.4;1.5;17.6;7.2;9.3;8.8;;;;;;10.9;14;139
5008;200010;8;;;2.8;3.4;24.8;10.8;12.2;10.8;;;;;;54.8;4;239
5008;200009;8;;;5.4;6.1;31.9;15.3;16.5;15.2;;;;;;4;2;273
5008;200008;8;;;7.2;8.4;35.7;17.9;18.3;16.9;;;;;3;0;0;351
5008;200007;8;;;7.1;8.7;35.7;17.4;18.5;17;;;;;3.5;0;0;388
5008;200006;8;;;6.8;8.4;33.4;16.1;17.9;16.2;;;;;4.1;0;0;372
5008;200005;8;;;3.6;5.5;26;13.7;14.9;14.2;;;;;3.6;70.1;10;275
5008;200004;8;;;2.6;3.5;18.9;8.2;10;9.3;;;;;5.3;137;13;178
5008;200003;8;;;3.5;3.9;22.3;7;8.4;7.4;;;;;3.6;21.9;4;226
5008;199208;7;;;;8;34.7;17.9;18.9;17.4;;;;;4.2;4.9;2;
5008;200103;8;;;2.3;3.2;20.4;9.9;11.7;10.8;;;;;;220;13;171
5008;200303;8;;;2.4;2.8;20.5;8.5;9.5;8.7;;;;;;45.4;7;214
5010;200605;8;;;5.7;;28.8;13.2;15.3;13.5;;;;;;25.8;3;
5009;198907;7;;;;9.2;36.4;20.8;21.9;19.3;;;;;4.8;0;0;
5009;198906;7;;;;8.7;32.3;17.1;18.9;16.5;;;;;5.3;0;0;
5009;198905;7;;;;6.1;27;13.8;15.2;13.7;;;;;4.7;8.7;3;
5009;198904;7;;;;4.3;20.5;9.3;10.8;9.9;;;;;6.4;109.6;9;
5009;198903;7;;;;3.2;22.2;8.5;10.3;9.2;;;;;4;15.8;4;
5009;198902;7;;;;2.2;18.2;7.6;8.8;7.7;;;;;5.8;57.9;7;
5009;198901;7;;;;1.3;15.8;4.6;6.4;5.4;;;;;3.5;31.5;4;
5009;198812;7;;;;1.4;17.1;4.5;6.4;5.3;;;;;4.2;;;
5009;198811;7;;;;1.2;19.7;12.2;13.3;12.3;;;;;3.6;109;14;
5008;200201;8;;;1.2;1.3;15.6;5.4;6.8;6.2;;;;;;70.9;6;177
5008;200304;8;;;2.8;4.7;22.1;97;10.9;10.3;;;;;;64.7;11;222
5008;199912;8;;;1.3;1.2;15.2;5.5;7.3;6.9;;;;;3.9;32.1;8;131
5008;200302;8;;;1.5;1.6;15.1;3.8;5.4;4.7;;;;;;95.9;11;155
5008;200301;8;;;1.4;1.6;14.2;3.4;5.3;4.6;;;;;;63.1;8;167
5008;200212;8;;;1;1.4;15.8;7.6;9.3;8.7;;;;;;137;15;126
5008;200211;8;;;1.6;2.1;19;8;9.8;9.3;;;;;;153;12;142
5008;200210;8;;;2.5;2.4;24;13.2;14.4;13.9;;;;;;59;10;190
5008;200209;8;;;3.6;4.8;29.4;15.5;16.4;15.8;;;;;;77.5;7;229
5008;200208;8;;;6.2;8;33.6;16.6;17.8;16.6;;;;;;0;0;345
5008;200207;8;;;7.1;9.2;35.1;16.6;18.4;16.6;;;;;;0;0;391
5008;200206;8;;;6.3;8.8;32.1;15.9;17.3;15.3;;;;;;0;0;339
5008;200205;8;;;4.7;6.8;26.7;10.8;12.5;11;;;;;;12.8;4;318
5008;200204;8;;;2.8;4;22.4;9.3;10.7;9.8;;;;;;65.6;11;223
5009;198810;7;;;;2.7;25;14.6;16.1;15;;;;;3.3;96;10;
5008;199310;7;;;;2.8;20.7;10.7;12.1;10.9;;;;;6;87.6;16;
5008;200002;8;;;2.8;2.4;21;5.1;6.2;5.5;;;;;3.1;0;0;233
5008;199409;7;;;;7;30.3;14;15.7;13.2;;;;;4.6;4;1;
5008;199408;7;;;;9.3;36.2;18.2;20;17.2;;;;;4.6;0;0;
5008;199407;7;;;;10.2;38.1;18.1;19.2;16.6;;;;;4.3;0;0;
5008;199406;7;;;;9.4;33.1;15.9;17.6;14.9;;;;;4.7;0;0;
5008;199405;7;;;;5.6;26;12;13.3;12.4;;;;;5.3;69;8;
5008;199404;7;;;;5.7;21.5;7.5;8.9;7.7;;;;;5.6;43.5;7;
5008;199403;7;;;;3.9;23;7.2;8.5;7.6;;;;;4.1;0;0;
5008;199402;7;;;;2.1;16.2;3.9;5.7;5;;;;;4.7;86.4;16;
5008;199401;7;;;;1.8;15.3;3.6;5;3.8;;;;;5.2;80.8;8;
5008;199411;8;;;1.7;2.2;20.5;9.2;10.8;10.2;;;;;4.1;106;7;174
5008;199311;7;;;;1.5;17;7.7;8.8;8.2;;;;;3.7;90.1;10;
5008;199412;8;;;1.4;1.3;15.7;4.4;5.4;4.7;;;;;3;33.2;5;170
5008;199309;7;;;;6.3;28.1;13.3;15;13;;;;;4.8;14.4;4;
5008;199308;7;;;;8.3;33.3;18;19.2;16.6;;;;;4.7;0;0;
5008;199307;7;;;;10.9;36.9;17.9;23.1;15.9;;;;;4.5;0;0;
5008;199306;7;;;;7.9;29.3;15.6;16.4;14.9;;;;;4.9;3.8;5;
5008;199305;7;;;;5.2;22.8;12.3;12.4;11.8;;;;;5.3;63.1;11;
5008;199304;7;;;;5.3;20.7;7.2;8.4;7;;;;;;83.2;9;
5008;199303;7;;;;4.1;20.3;6.6;7.8;6.3;;;;;5;5.5;1;
5008;199302;7;;;;2.8;15.5;4.1;5.4;4;;;;;5.4;19.6;4;
5008;199301;7;;;;1.7;14.2;1.2;2.4;1.6;;;;;4.2;18;3;
5008;199212;7;;;;1.4;13.8;5.1;6.8;6;;;;;5;20.1;8;
5008;199211;7;;;;1.7;19.5;6.6;7.8;7;;;;;3.4;14;2;
5008;199312;7;;;;1.2;15.5;3.7;5.2;4.6;;;;;3.9;3;1;
5008;199512;8;;;1;1.3;16.2;9;10.2;9.4;;;;;6;251;20;115
5008;199911;8;;;1.9;1.8;17.3;5.5;6.3;5.7;;;;;3.5;7.2;4;226
5008;199910;8;;;2.2;3;23.7;13.9;15.2;14.6;;;;;3.9;234;14;153
5008;199709;8;;;4.4;5.6;31.8;16.4;17.8;16.4;;;;;3.5;65.8;6;252
5008;199708;8;;;5.4;6.8;33.1;17;18.3;16.9;;;;;3.6;22.7;3;315
5008;199707;8;;;5.6;7.8;32.4;16.7;17.8;16.4;;;;;3.9;5.9;2;350
5008;199706;8;;;5.3;7.6;28.4;14.6;16.3;15;;;;;4.8;20.5;4;323
5008;199611;8;;;1.8;2.2;18.9;7.7;9.8;9;;;;;2.2;102;7;
5008;199605;8;;;3.9;5.4;24.6;12.6;13.6;12.5;;;;;4.6;136;9;259
5008;199604;8;;;3.7;4.7;23.6;10;11.5;10.6;;;;;4.5;30;7;244
5008;199603;8;;;2.5;3.2;18.6;7.3;8.9;8;;;;;5.3;27.8;8;199
5008;199410;8;;;3.2;3.6;25.4;12.8;14.6;13.4;;;;;3.7;23.1;5;176
5008;199601;8;;;0.9;3;14.7;8;9.3;8.3;;;;;5;359;21;75
5009;198909;7;;;;4.7;30.2;17;17.9;16.9;;;;;3.9;21.3;4;
5008;199511;8;;;1.9;1.7;20.5;10.8;12.2;11;;;;;4.1;173;9;120
5008;199510;8;;;4.4;4.3;28.2;13.3;14.9;13.1;;;;;3.9;;;240
5008;199509;8;;;6;6.9;29.4;14;15.8;13.5;;;;;5.1;7.2;2;282
5008;199508;8;;;6.9;9.2;36.1;19.1;20.1;17.9;;;;;4.5;0;0;343
5008;199507;8;;;9.9;9.7;36.4;18.9;20.1;17.7;;;;;5.1;3.1;1;348
5008;199506;8;;;6.7;8.3;30.8;16.2;17.7;15.6;;;;;5.7;3.1;2;286
5008;199505;8;;;6.8;8.3;30;13.8;15.2;13.1;;;;;5.3;23;1;328
5008;199504;8;;;4.9;6;24.8;7.8;9.3;8;;;;;4.6;34;5;275
5008;199503;8;;;3.6;4.2;21.9;6.2;7.2;6.2;;;;;4.9;29.3;3;255
5008;199502;8;;;2.4;2.4;18.5;6.5;7.8;7.1;;;;;5.5;43.8;6;194
5008;199501;8;;;1.5;1.8;15;2.9;4.7;4;;;;;4.3;37.6;6;181
5008;199602;8;;;1.9;1.9;15.3;4.1;5.4;4.2;;;;;5.5;37.4;6;178
5012;201101;8;;;1.2;;;;;;;;;;;81.1;26;
5012;201201;8;;;1.2;;;;;;;;;;;24.1;11;
5012;201112;8;;;1.5;;;;;;;;;;;11;16;
5012;201111;8;;;2;;;;;;;;;;;119.8;18;
5012;201110;8;;;5.2;;;;;;;;;;;46.1;6;
5012;201109;8;;;5.6;;;;;;;;;;;16.9;2;
5012;201108;8;;;7.3;;;;;;;;;;;1;3;
5012;201107;8;;;8.7;;;;;;;;;;;0.1;1;
5012;201106;8;;;5.9;;;;;;;;;;;76.7;3;
5012;201105;8;;;2.7;;;;;;;;;;;46.3;11;
5012;201104;8;;;3.8;;;;;;;;;;;74.1;9;
5010;200603;8;;;2.1;;17.6;6.1;8.3;8;;;;;;174;8;
5012;201102;8;;;1.2;;;;;;;;;;;58.8;13;
5012;201204;8;;;3.1;;;;;;;;;;;46.2;12;
5012;201012;8;;;1.5;;;;;;;;;;;195;20;
5012;201011;8;;;1.9;;;;;;;;;;;100.1;16;
5012;201010;8;;;3;;;;;;;;;;;67.4;8;
5012;201009;8;;;6.4;;;;;;;;;;;19.7;7;
5012;201008;8;;;9;;;;;;;;;;;9.1;3;
5012;201007;8;;;9.8;;;;;;;;;;;0.2;1;
5012;201006;8;;;4.5;;;;;;;;;;;24.8;3;
5012;201005;8;;;2.7;;;;;;;;;;;20;6;
5012;201004;8;;;4;;;;;;;;;;;32.3;7;
5012;201003;8;;;2;;;;;;;;;;;81.5;16;
5012;201103;8;;;2.2;;;;;;;;;;;44.3;11;
5012;201303;8;;;2;;;;;;;;;;;225.1;24;
5012;201403;8;;;2.8;;;;;;;;;;;40.4;6;
5012;201402;8;;;1.2;;;;;;;;;;;129;20;
5012;201401;8;;;1.3;;;;;;;;;;;113.9;19;
5012;201312;8;;;1.4;;;;;;;;;;;98.2;10;
5012;201311;8;;;2.4;;;;;;;;;;;6.6;3;
5012;201310;8;;;3.2;;;;;;;;;;;30;6;
5012;201309;8;;;5.4;;;;;;;;;;;18.3;4;
5012;201308;8;;;7.9;;;;;;;;;;;13.6;1;
5012;201307;8;;;8.9;;;;;;;;;;;0;0;
5012;201306;8;;;5;;;;;;;;;;;0.2;1;
5012;201202;8;;;2.6;;;;;;;;;;;2.7;2;
5012;201304;8;;;2.4;;;;;;;;;;;86.6;8;
5012;201203;8;;;4;;;;;;;;;;;4.8;3;
5012;201302;8;;;1.3;;;;;;;;;;;112.5;16;
5012;201301;8;;;0.9;;;;;;;;;;;79.8;25;
5012;201212;8;;;0.9;;;;;;;;;;;74.6;22;
5012;201211;8;;;1.5;;;;;;;;;;;227.1;19;
5012;201210;8;;;3;;;;;;;;;;;91.1;12;
5012;201209;8;;;5.6;;;;;;;;;;;62.5;4;
5012;201208;8;;;7.3;;;;;;;;;;;0;0;
5012;201207;8;;;8.9;;;;;;;;;;;0;0;
5012;201206;8;;;8.8;;;;;;;;;;;0;0;
5012;201205;8;;;5.9;;;;;;;;;;;52.5;10;
5012;200912;8;;;1;0.9;15;5.4;;;;;;;;309.9;20;
5012;201305;8;;;3.3;;;;;;;;;;;56;10;
5012;200510;8;;;3.3;3.1;23.8;15.2;;;;;;;;79;7;
5012;201002;8;;;1.5;1.3;14.5;7.9;;;;;;;;274.3;20;
5012;200609;8;;;5.8;4.7;29.2;18.6;;;;;;;;63.7;4;
5012;200608;8;;;6.7;6.5;32.8;20.8;;;;;;;;17;1;
5012;200607;8;;;7.9;7.3;34.5;21.4;;;;;;;;3.6;2;
5012;200606;8;;;3.8;6.5;28.7;19.4;;;;;;;;5.6;4;
5012;200605;8;;;3.3;5.1;26.2;15.3;;;;;;;;43;3;
5012;200604;8;;;2.8;3.4;21.3;12.1;;;;;;;;34.2;6;
5012;200603;8;;;2.3;2.3;16.5;9;;;;;;;;78.7;7;
5012;200602;8;;;1.2;1.4;13.1;6;;;;;;;;96.3;14;
5012;200601;8;;;0.7;1;11.3;5.3;;;;;;;;87.1;14;
5012;200611;8;;;2.1;1.6;18.3;12.1;;;;;;;;77.1;13;
5012;200511;8;;;2.7;1.8;17.7;8.3;;;;;;;;4;3;
5012;200612;8;;;1.4;1;13.7;5.8;;;;;;;;49.3;6;
5012;200509;8;;;5.2;4.9;28;17.4;;;;;;;;1;1;
5012;200508;8;;;7.5;7.2;33.2;21.2;;;;;;;;0;0;
5012;200507;8;;;6.4;7.7;33.7;21;;;;;;;;0;0;
5012;200506;8;;;7.3;7.4;31.9;20.1;;;;;;;;1.2;1;
5012;200505;8;;;6.4;5.7;27.1;14.8;;;;;;;;11.5;5;
5012;200504;8;;;5.1;4.3;21.3;11;;;;;;;;12.7;4;
5012;200503;8;;;3.3;2.5;16.2;9.6;;;;;;;;34;14;
5012;200502;8;;;2.8;1.9;13;3.5;;;;;;;;64.8;6;
5012;200501;8;;;1.8;1.4;14.1;3.3;;;;;;;;0;0;
5012;200412;8;;;1.6;1.2;12.7;5.5;;;;;;;;33.6;6;
5012;200411;8;;;2.7;1.8;17.6;8.3;;;;;;;;4;3;
5012;200512;8;;;0.9;1;13.4;6.4;;;;;;;;29.8;8;
5012;200712;8;;;1.4;1.1;14.6;5.6;;;;;;;;15.8;8;
5012;201406;8;;;6.3;;;;;;;;;;;18.7;5;
5012;200911;8;;;2.5;;;;;;;;;;;23.3;6;
5012;200910;8;;;4.6;;;;;;;;;;;32.3;7;
5012;200809;8;;;3.5;3.5;28.4;16.1;;;;;;;;13.9;9;
5012;200808;8;;;6.8;6.6;35.2;18.3;;;;;;;;0;0;
5012;200807;8;;;7.8;7.1;35.1;18.8;;;;;;;;0;0;
5012;200806;8;;;7;6.2;31.5;16;;;;;;;;0;0;
5012;200805;8;;;2.8;3.5;22.9;11.9;;;;;;;;45.8;15;
5012;200804;8;;;3.9;4;21.1;9.8;;;;;;;;206;10;
5012;200803;8;;;2.7;3;19.8;7;;;;;;;;8.7;3;
5012;200610;8;;;3.6;3;23.6;16.9;;;;;;;;84.6;9;
5012;200801;8;;;1.1;1.1;16;5.2;;;;;;;;46.7;12;
5012;201001;8;;;1.1;1.1;12.9;6.3;;;;;;;;173.2;18;
5012;200711;8;;;2.5;2;19.1;8.2;;;;;;;;49;5;
5012;200710;8;;;3.1;3;24.8;12.1;;;;;;;;52.7;4;
5012;200709;8;;;4.6;4.2;29.9;15.8;;;;;;;;57.6;6;
5012;200708;8;;;6.2;6.4;34;18.1;;;;;;;;1.8;2;
5012;200707;8;;;6.9;8;36.1;18;;;;;;;;1;1;
5012;200706;8;;;4.7;5.7;29.7;14.7;;;;;;;;4.3;2;
5012;200705;8;;;3.9;4.3;25.2;11.1;;;;;;;;78.3;8;
5012;200704;8;;;2.3;2.4;19.7;9;;;;;;;;60.2;15;
5012;200703;8;;;3.6;2.8;18.6;5.8;;;;;;;;10.7;6;
5012;200702;8;;;1.1;1.3;16;6.9;;;;;;;;69.2;14;
5012;200701;8;;;1.6;0.9;16;2.7;;;;;;;;36.9;5;
5012;200802;8;;;1.3;2.1;18.1;8.6;;;;;;;;31.8;8;
5012;201909;8;;;5.1;;;;;;;;;;;;;
5012;201809;8;;;5.1;;;;;;;;;;;;;
5012;202008;8;;;8.2;;;;;;;;;;;;;
5012;202007;8;;;9.7;;;;;;;;;;;;;
5012;202006;8;;;7.3;;;;;;;;;;;;;
5012;202005;8;;;5.2;;;;;;;;;;;;;
5012;202004;8;;;2.5;;;;;;;;;;;;;
5012;202003;8;;;2.7;;;;;;;;;;;;;
5012;202002;8;;;2.6;;;;;;;;;;;;;
5012;202001;8;;;1.2;;;;;;;;;;;;;
5012;201912;8;;;1.7;;;;;;;;;;;;;
5012;202010;8;;;4.4;;;;;;;;;;;;;
5012;201910;8;;;4;;;;;;;;;;;;;
5012;202011;8;;;1.9;;;;;;;;;;;;;
5012;201908;8;;;8.3;;;;;;;;;;;;;
5012;201907;8;;;8.7;;;;;;;;;;;;;
5012;201906;8;;;8.3;;;;;;;;;;;;;
5012;201905;8;;;6.3;;;;;;;;;;;;;
5012;201904;8;;;3;;;;;;;;;;;;;
5012;201903;8;;;4.2;;;;;;;;;;;;;
5012;201902;8;;;2.8;;;;;;;;;;;;;
5012;201901;8;;;1.3;;;;;;;;;;;;;
5012;201812;8;;;1.5;;;;;;;;;;;;;
5012;201811;8;;;1.3;;;;;;;;;;;;;
5012;201404;8;;;4.1;;;;;;;;;;;100.2;9;
5012;201911;8;;;1.5;;;;;;;;;;;;;
5013;200311;8;;;;1.1;18;8.7;;;;;;;;98.9;10;
6001;200801;9;;;1.4;2.9;17.4;9;;;;;;;;122;6;
5013;200410;8;;;;3.1;25;12.3;;;;;;;;126;10;
5013;200409;8;;;;5.7;33.7;16.2;;;;;;;;3;1;
5013;200408;8;;;;8.7;37.8;19.5;;;;;;;;0;0;
5013;200407;8;;;;9.3;38.1;19.7;;;;;;;;0;0;
5013;200406;8;;;;8.4;37.9;19.5;;;;;;;;3.3;1;
5013;200405;8;;;;3.9;23.8;11.6;;;;;;;;80.3;12;
5013;200404;8;;;;3.7;21.9;15.1;;;;;;;;58.8;8;
5013;200403;8;;;;2.3;18.9;12.8;;;;;;;;66.6;11;
5013;200402;8;;;;1.4;17.3;5.6;;;;;;;;82.5;9;
5012;202009;8;;;7.4;;;;;;;;;;;;;
5013;200312;8;;;;0.6;14.6;4.9;;;;;;;;80.6;10;
5012;201808;8;;;8.1;;;;;;;;;;;;;
5013;200310;8;;;;6;32.9;16.8;;;;;;;;34.1;3;
5012;202109;8;;;5.8;;;;;;;;;;;;;
5012;202108;8;;;10.1;;;;;;;;;;;;;
5012;202107;8;;;11;;;;;;;;;;;;;
5012;202106;8;;;7.8;;;;;;;;;;;;;
5012;202105;8;;;6;;;;;;;;;;;;;
5012;202104;8;;;3.4;;;;;;;;;;;;;
5012;202103;8;;;1.9;;;;;;;;;;;;;
5012;202102;8;;;1.7;;;;;;;;;;;;;
5012;202101;8;;;0.9;;;;;;;;;;;;;
5012;202012;8;;;1.1;;;;;;;;;;;;;
5013;200401;8;;;;0.8;15.5;4.7;;;;;;;;22.2;9;
5012;201505;8;;;6.2;;;;;;;;;;;0.2;1;
5012;201810;8;;;3.3;;;;;;;;;;;;;
5012;201604;8;;;3.1;;;;;;;;;;;88;10;
5012;201603;8;;;2.3;;;;;;;;;;;28.2;8;
5012;201602;8;;;1.3;;;;;;;;;;;73.5;13;
5012;201601;8;;;1;;;;;;;;;;;80.1;20;
5012;201512;8;;;1.8;;;;;;;;;;;7.1;4;
5012;201511;8;;;2.3;;;;;;;;;;;25;3;
5012;201510;8;;;2.6;;;;;;;;;;;54.7;15;
5012;201509;8;;;4.2;;;;;;;;;;;21;5;
5012;201508;8;;;5.7;;;;;;;;;;;21.9;1;
5012;201606;8;;;6.7;;;;;;;;;;;0;0;
5012;201506;8;;;8.1;;;;;;;;;;;7.3;4;
5012;201607;8;;;7.4;;;;;;;;;;;0.9;2;
5012;201504;8;;;3.6;;;;;;;;;;;24.5;6;
5012;201503;8;;;2.1;;;;;;;;;;;40.8;10;
5012;201502;8;;;0.7;;;;;;;;;;;25;10;
5012;201501;8;;;0.6;;;;;;;;;;;50;11;
5012;201412;8;;;0.5;;;;;;;;;;;12;12;
5012;201411;8;;;1.6;;;;;;;;;;;161.8;17;
5012;201410;8;;;3.8;;;;;;;;;;;59.7;7;
5012;201409;8;;;4.5;;;;;;;;;;;24.6;7;
5012;201408;8;;;7.6;;;;;;;;;;;0;0;
5012;201407;8;;;7.3;;;;;;;;;;;0;0;
5012;200408;8;;;7.6;7;33;20.4;;;;;;;;1;1;
5012;201507;8;;;8.3;;;;;;;;;;;0.4;1;
5012;201707;8;;;7.3;;;;;;;;;;;;;
5012;201807;8;;;7.2;;;;;;;;;;;;;
5012;201806;8;;;5.1;;;;;;;;;;;;;
5012;201805;8;;;2.7;;;;;;;;;;;;;
5012;201804;8;;;2.3;;;;;;;;;;;;;
5012;201803;8;;;1.5;;;;;;;;;;;;;
5012;201802;8;;;1.5;;;;;;;;;;;;;
5012;201801;8;;;0.8;;;;;;;;;;;;;
5012;201712;8;;;1.2;;;;;;;;;;;;;
5012;201711;8;;;1.6;;;;;;;;;;;;;
5012;201710;8;;;3.8;;;;;;;;;;;;;
5012;201605;8;;;3.6;;;;;;;;;;;94.2;9;
5012;201708;8;;;6.9;;;;;;;;;;;;;
5012;201405;8;;;6;;;;;;;;;;;14.4;2;
5012;201706;8;;;7.8;;;;;;;;;;;;;
5012;201705;8;;;5;;;;;;;;;;;;;
5012;201704;8;;;5;;;;;;;;;;;;;
5012;201703;8;;;2.6;;;;;;;;;;;;;
5012;201702;8;;;1.4;;;;;;;;;;;;;
5012;201701;8;;;1.2;;;;;;;;;;;;;
5012;201612;8;;;1.2;;;;;;;;;;;;;
5012;201611;8;;;1.7;;;;;;;;;;;;;
5012;201610;8;;;3;;;;;;;;;;;;;
5012;201609;8;;;5;;;;;;;;;;;4.8;1;
5012;201608;8;;;7.1;;;;;;;;;;;0;0;
5012;201709;8;;;4.4;;;;;;;;;;;;;
5010;201109;8;;;5.3;;30.5;15.6;16.9;15.7;;;;;;33.5;2;
5010;201009;8;;;5.7;;;;;;;;;;;18.3;6;
5010;201208;8;;;8.5;;;;;;;;;;;0;0;
5010;201207;8;;;9.1;;;;;;;;;;;0;0;
5010;201206;8;;;8.7;;;;;;;;;;;0.1;1;
5010;201205;8;;;6;;;;;;;;;;;50.7;7;
5010;201204;8;;;3.4;;;;;;;;;;;44.9;12;
5010;201203;8;;;4.1;;20.2;4.6;7;5.6;;;;;;9.4;3;
5010;201202;8;;;3.1;;14.4;-0.3;1.8;1.2;;;;;;0.1;1;
5010;201201;8;;;1.5;;13.8;1.9;3.4;3.2;;;;;;11.3;22;
5010;201112;8;;;1.3;;14.2;4.1;5.8;5.5;;;;;;10.7;22;
5010;201210;8;;;3.3;;;;;;;;;;;103.8;13;
5010;201110;8;;;4.7;;26.8;12.6;13.8;12.8;;;;;;86.2;6;
5010;201211;8;;;1.5;;;;;;;;;;;254.6;20;
5010;201108;8;;;7.9;;35.7;19.1;20.4;17.6;;;;;;0.5;1;
5010;201107;8;;;8.2;;35.6;18.5;20.4;17.9;;;;;;0;0;
5010;201106;8;;;7.2;;32.7;16.9;19.8;16.6;;;;;;27;1;
5010;201105;8;;;5;;25.9;14;16.7;15.5;;;;;;26.6;5;
5010;201104;8;;;4.4;;;;;;;;;;;156.6;11;
5010;201103;8;;;2.9;;16.4;7.5;9.2;8.4;;;;;;81.3;9;
5010;201102;8;;;1.8;;14.8;4;5.5;5.3;;;;;;87.2;5;
5010;201101;8;;;1.2;;13.3;4.9;6.2;6;;;;;;132.7;9;
5010;201012;8;;;1.9;;13.9;5.9;9;8.3;;;;;;370.4;8;
5010;201011;8;;;1.6;;15.4;7.1;9.2;8.8;;;;;;100.5;14;
5010;201412;8;;;1.2;;;;;;;;;;;66.7;17;
5010;201111;8;;;2.1;;16.3;8;9.4;9;;;;;;159.6;18;
5010;201311;8;;;2.6;;;;;;;;;;;2.3;3;
5012;200410;8;;;4.2;3.4;24.1;14.2;;;;;;;;73.5;10;
5010;201410;8;;;2.9;;;;;;;;;;;109;9;
5010;201409;8;;;3.9;;;;;;;;;;;115.4;12;
5010;201408;8;;;7.1;;;;;;;;;;;0;0;
5010;201407;8;;;7.7;;;;;;;;;;;2.8;2;
5010;201406;8;;;5.9;;;;;;;;;;;2.1;1;
5010;201405;8;;;5.7;;;;;;;;;;;13.5;3;
5010;201404;8;;;3.7;;;;;;;;;;;129.4;9;
5010;201403;8;;;3.2;;;;;;;;;;;58.1;10;
5010;201402;8;;;1.2;;;;;;;;;;;123.5;21;
5010;201209;8;;;5.8;;;;;;;;;;;78.8;6;
5010;201312;8;;;1.7;;;;;;;;;;;100.2;17;
5010;201008;8;;;8.2;;;;;;;;;;;14.5;3;
5010;201310;8;;;2.6;;;;;;;;;;;171.7;9;
5010;201309;8;;;5.2;;;;;;;;;;;34.3;4;
5010;201308;8;;;8.1;;;;;;;;;;;0;0;
5010;201307;8;;;7.6;;;;;;;;;;;0;0;
5010;201306;8;;;6;;;;;;;;;;;17.9;2;
5010;201305;8;;;3.9;;;;;;;;;;;29.2;6;
5010;201304;8;;;3;;;;;;;;;;;83;10;
5010;201303;8;;;1.4;;;;;;;;;;;294.1;23;
5010;201302;8;;;1.7;;;;;;;;;;;127.7;12;
5010;201301;8;;;1.2;;;;;;;;;;;75.7;22;
5010;201212;8;;;0.8;;;;;;;;;;;54.4;23;
5010;201401;8;;;1.2;;;;;;;;;;;111.4;18;
5010;200705;8;;;3.7;;25.7;11.5;13.3;12.5;;;;;;10.8;9;
5010;201010;8;;;3.3;;22.8;10.4;12;11.5;;;;;;132.7;7;
5010;200804;8;;;4.6;;22;8.9;10.8;9.9;;;;;;140;9;
5010;200803;8;;;3.8;;20.3;5.9;8.2;7.2;;;;;;14.1;2;
5010;200802;8;;;3;;16.5;6;8.2;7.5;;;;;;48.8;6;
5010;200801;8;;;1.6;;14.5;3.7;6.3;6.2;;;;;;84.6;7;
5010;200712;8;;;2;;14.6;3;5.3;4.9;;;;;;14.1;5;
5010;200711;8;;;3.6;;18.2;5;7.5;6.7;;;;;;33.5;3;
5010;200710;8;;;4.5;;24.3;11.7;13.3;12.7;;;;;;48.7;6;
5010;200709;8;;;4.8;;30.5;16.2;17.6;16.9;;;;;;41.5;6;
5010;200708;8;;;7.3;;35.5;16.9;19;17;;;;;;1.6;2;
5010;200806;8;;;7.5;;33.2;15.8;18.2;16.2;;;;;;0;0;
5010;200706;8;;;5.3;;30.3;14.9;16.9;15.7;;;;;;7.8;3;
5010;200807;8;;;9.1;;36.3;18.2;21.2;18.5;;;;;;17.1;1;
5010;200704;8;;;2.3;;20.4;8.3;10.3;9.9;;;;;;63.1;15;
5010;200703;8;;;3.1;;19.2;4.9;7.5;6.5;;;;;;26.4;4;
5010;200702;8;;;1.1;;15;5.7;8.2;8.1;;;;;;60.5;13;
5010;200701;8;;;1.1;;14.5;2.6;4.7;4.6;;;;;;25.9;6;
5010;200612;8;;;1.2;;13.4;3.4;5.4;5.1;;;;;;34.6;3;
5010;200611;8;;;1.3;;18.2;9.4;11.2;11.1;;;;;;136;11;
5010;200610;8;;;3;;24.1;13.6;15.6;14.8;;;;;;251;11;
5010;200609;8;;;5.5;;31.6;16;17.3;16.1;;;;;;75.5;6;
5010;200608;8;;;8.1;;35.9;18.2;20.3;17.8;;;;;;49.3;2;
5010;200607;8;;;10.4;;37.5;18.3;21.2;17.6;;;;;;0;0;
5010;200606;8;;;7.4;;31.6;15.6;18.1;16;;;;;;16.3;2;
5010;200707;8;;;8.9;;37;18.2;21;18.3;;;;;;0;0;
5010;200907;8;;;9.7;;38;19;22.6;20.2;;;;;;0;0;
5010;201007;8;;;8.7;;;;;;;;;;;0;0;
5010;201006;8;;;5.1;;;;;;;;;;;37;6;
5010;201005;8;;;4.9;;;;;;;;;;;8.6;4;
5010;201004;8;;;3.6;;;;;;;;;;;154.7;12;
5010;201003;8;;;2.1;;;;;;;;;;;149.2;12;
5010;201002;8;;;1.3;;;;;;;;;;;259.1;22;
5010;201001;8;;;1.3;;;;;;;;;;;177.3;22;
5010;200912;8;;;1.3;;;;;;;;;;;398.9;26;
5010;200911;8;;;2.7;;;;;;;;;;;17.9;9;
5010;200910;8;;;4.2;;;;;;;;;;;53.4;8;
5010;200805;8;;;3.2;;23.1;11.4;13.6;12.6;;;;;;59.4;10;
5010;200908;8;;;9.2;;38;18.6;20.8;18.7;;;;;;2.8;1;
5010;201501;8;;;1.5;;;;;;;;;;;68.2;13;
5010;200906;8;;;6.9;;33.6;17.3;20.2;18.1;;;;;;28.6;3;
5010;200905;8;;;6.1;;28.7;11.7;14.7;12.9;;;;;;5.7;2;
5010;200904;8;;;3.6;;21.5;6.8;9.4;8.6;;;;;;25.9;6;
5010;200903;8;;;3.5;;19.6;7.6;10.4;9.1;;;;;;45.8;6;
5010;200902;8;;;1.9;;14.6;3.5;5.6;5.4;;;;;;91.3;9;
5010;200901;8;;;1.1;;11.8;3.7;6.1;5.7;;;;;;93.2;14;
5010;200812;8;;;1.2;;12.1;3;5.4;5.1;;;;;;83.8;10;
5010;200811;8;;;2.2;;15.7;5;7.1;6.4;;;;;;10.4;3;
5010;200810;8;;;3;;22.9;12.1;14.2;13.3;;;;;;113;12;
5010;200809;8;;;4.6;;28.2;15.3;16.9;15.6;;;;;;46;7;
5010;200808;8;;;9.3;;36.7;18.2;20.6;17.5;;;;;;0;0;
5010;200909;8;;;6;;30.4;16.1;18.1;15.9;;;;;;12.4;4;
5010;202005;8;;;5.9;;;;;;;;;;;;;
5010;201905;8;;;6.8;;;;;;;;;;;;;
5010;202104;8;;;3.5;;;;;;;;;;;;;
5010;202103;8;;;2.3;;;;;;;;;;;;;
5010;202102;8;;;0.7;;;;;;;;;;;;;
5010;202101;8;;;0.4;;;;;;;;;;;;;
5010;202012;8;;;0.4;;;;;;;;;;;;;
5010;202011;8;;;0.6;;;;;;;;;;;;;
5010;202010;8;;;2.6;;;;;;;;;;;;;
5010;202009;8;;;4.7;;;;;;;;;;;;;
5010;202008;8;;;8.3;;;;;;;;;;;;;
5010;202106;8;;;7.1;;;;;;;;;;;;;
5010;202006;8;;;7.4;;;;;;;;;;;;;
5010;202107;8;;;9.1;;;;;;;;;;;;;
5010;202004;8;;;2.6;;;;;;;;;;;;;
5010;202003;8;;;2.1;;;;;;;;;;;;;
5010;202002;8;;;0.8;;;;;;;;;;;;;
5010;202001;8;;;0.5;;;;;;;;;;;;;
5010;201912;8;;;0.4;;;;;;;;;;;;;
5010;201911;8;;;0.9;;;;;;;;;;;;;
5010;201910;8;;;2.2;;;;;;;;;;;;;
5010;201909;8;;;4.7;;;;;;;;;;;;;
5010;201908;8;;;8;;;;;;;;;;;;;
5010;201907;8;;;7.8;;;;;;;;;;;;;
5010;201411;8;;;1.5;;;;;;;;;;;252.7;17;
5010;202007;8;;;9.1;;;;;;;;;;;;;
5012;200307;8;;;6.4;7.2;33;18.6;;;;;;;;0;0;
5013;200412;8;;;;1.1;15;5.2;;;;;;;;23.3;6;
5012;200407;8;;;7.2;8.1;34.6;20.9;;;;;;;;0.2;1;
5012;200406;8;;;7.1;6.8;31.9;18.7;;;;;;;;0;0;
5012;200405;8;;;3.5;3.6;20.4;12.6;;;;;;;;121;14;
5012;200404;8;;;3.9;3.5;18.8;9.7;;;;;;;;46.6;8;
5012;200403;8;;;2.3;2.2;16.4;8;;;;;;;;86;9;
5012;200402;8;;;1.8;1.7;15.9;8.1;;;;;;;;74.3;12;
5012;200401;8;;;0.8;1.2;14.2;5.9;;;;;;;;18.1;6;
5012;200312;8;;;1.1;1.2;13.7;7;;;;;;;;87.4;13;
5012;200311;8;;;1.6;1.4;16.8;10.5;;;;;;;;81.5;8;
5010;202105;8;;;5.8;;;;;;;;;;;;;
5012;200309;8;;;7;5.9;30.4;18;;;;;;;;0;0;
5010;201904;8;;;3.4;;;;;;;;;;;;;
5012;200306;8;;;7.2;7.2;32;18.7;;;;;;;;0.8;1;
5012;200305;8;;;5.3;5.7;26.7;14.7;;;;;;;;13.5;2;
5012;200304;8;;;2.5;3;19.5;10.8;;;;;;;;59.1;7;
5012;200303;8;;;3.3;2.7;18.4;10.7;;;;;;;;49.3;8;
5012;200302;8;;;1.5;1.3;12.7;5.2;;;;;;;;78.5;8;
5012;200301;8;;;1.2;1;12.5;3.8;;;;;;;;71.2;11;
5012;200212;8;;;1.3;1;15.5;7;;;;;;;;86.5;13;
5012;200211;8;;;1.9;1.9;17.4;8;;;;;;;;15.4;12;
5012;200210;8;;;3.9;3.2;22.7;14.5;;;;;;;;25.2;7;
5010;202109;8;;;4.3;;;;;;;;;;;;;
5010;202108;8;;;8;;;;;;;;;;;;;
5012;200310;8;;;2;2;20.9;15.6;;;;;;;;158;18;
5010;201601;8;;;0.8;;;;;;;;;;;89.9;20;
5010;201906;8;;;7.8;;;;;;;;;;;;;
5010;201612;8;;;1;;;;;;;;;;;;;
5010;201611;8;;;1.4;;;;;;;;;;;;;
5010;201610;8;;;3.1;;;;;;;;;;;;;
5010;201609;8;;;6.7;;;;;;;;;;;15.9;4;
5010;201608;8;;;8.8;;;;;;;;;;;0;0;
5010;201607;8;;;8.4;;;;;;;;;;;0.1;1;
5010;201606;8;;;6.8;;;;;;;;;;;0;0;
5010;201605;8;;;3.2;;;;;;;;;;;154.7;11;
5010;201604;8;;;2.7;;;;;;;;;;;126;13;
5010;201702;8;;;1.4;;;;;;;;;;;;;
5010;201602;8;;;1.8;;;;;;;;;;;41.9;11;
5010;201703;8;;;2.5;;;;;;;;;;;;;
5010;201512;8;;;1.2;;;;;;;;;;;13.6;7;
5010;201511;8;;;1.7;;;;;;;;;;;82.4;15;
5010;201510;8;;;2.1;;;;;;;;;;;145.1;15;
5010;201509;8;;;4.6;;;;;;;;;;;35.9;6;
5010;201508;8;;;6.7;;;;;;;;;;;0.4;2;
5010;201507;8;;;8.3;;;;;;;;;;;0;0;
5010;201506;8;;;6.5;;;;;;;;;;;20.6;3;
5010;201505;8;;;6;;;;;;;;;;;1.4;2;
5010;201504;8;;;3.4;;;;;;;;;;;27.2;8;
5010;201503;8;;;2.6;;;;;;;;;;;44.6;7;
5010;201502;8;;;2.2;;;;;;;;;;;19.1;12;
5010;201603;8;;;2.4;;;;;;;;;;;45.5;9;
5010;201803;8;;;2.1;;;;;;;;;;;;;
5010;201903;8;;;2.5;;;;;;;;;;;;;
5010;201902;8;;;0.9;;;;;;;;;;;;;
5010;201901;8;;;0.4;;;;;;;;;;;;;
5010;201812;8;;;0.3;;;;;;;;;;;;;
5010;201811;8;;;0.7;;;;;;;;;;;;;
5010;201810;8;;;2.3;;;;;;;;;;;;;
5010;201809;8;;;5;;;;;;;;;;;;;
5010;201808;8;;;8.8;;;;;;;;;;;;;
5010;201807;8;;;7;;;;;;;;;;;;;
5010;201806;8;;;5.5;;;;;;;;;;;;;
5010;201701;8;;;1.3;;;;;;;;;;;;;
5010;201804;8;;;2.9;;;;;;;;;;;;;
5012;200409;8;;;6;5.3;29.9;18.2;;;;;;;;3.1;1;
5010;201802;8;;;2.1;;;;;;;;;;;;;
5010;201801;8;;;1.3;;;;;;;;;;;;;
5010;201712;8;;;1.7;;;;;;;;;;;;;
5010;201711;8;;;2.4;;;;;;;;;;;;;
5010;201710;8;;;4.9;;;;;;;;;;;;;
5010;201709;8;;;7.2;;;;;;;;;;;;;
5010;201708;8;;;9.1;;;;;;;;;;;;;
5010;201707;8;;;9;;;;;;;;;;;;;
5010;201706;8;;;8.8;;;;;;;;;;;;;
5010;201705;8;;;4.8;;;;;;;;;;;;;
5010;201704;8;;;4;;;;;;;;;;;;;
5010;201805;8;;;3;;;;;;;;;;;;;
6001;200909;9;;;0.9;2.6;25.9;19.1;;;;;;;;74.8;5;
6001;200803;9;;;1.7;3.5;21.6;11.5;;;;;;;;29.3;3;
6001;200804;9;;;1.4;3.6;20.6;12.2;;;;;;;;94.7;9;
6001;200805;9;;;1.6;4.1;22.4;14.3;;;;;;;;22;8;
6001;200806;9;;;1.2;4.1;28.6;15.7;;;;;;;;;;
6001;200807;9;;;2;5.3;28.9;21.3;;;;;;;;;;
6001;200808;9;;;1.8;5.8;33.1;21.5;;;;;;;;;;
6001;200809;9;;;0.8;2.6;25.3;19.6;;;;;;;;546;7;
6001;200810;9;;;1.1;2.7;22;17.9;;;;;;;;113;9;
6001;200812;9;;;1.2;;;;;;;;;;;;;
6001;200901;9;;;1.2;;;;;;;;;;;;;
6001;200906;9;;;1.3;2.1;21;11.8;;;;;;;;75.7;10;
6001;200802;9;;;1.1;2.4;16.8;12;;;;;;;;155;8;
6001;200908;9;;;1.4;5.2;34.5;21.7;;;;;;;;0;0;
6001;201010;9;;;1.5;2.8;23.2;16.6;;;;;;;;94.7;10;
6001;200910;9;;;1.1;3;25.3;17.6;;;;;;;;21.5;3;
6001;200911;9;;;1.1;2.5;23.3;13.1;;;;;;;;45.9;4;
6001;200912;9;;;1.4;1.8;18.4;11.3;;;;;;;;128;14;
6001;201001;9;;;1.4;1.9;16.5;11;;;;;;;;418;16;
6001;201002;9;;;1.2;1.7;16.3;10.8;;;;;;;;404.4;22;
6001;201003;9;;;1.2;2.3;17.2;11.5;;;;;;;;294.2;10;
6001;201004;9;;;0.8;3.3;19.6;13.1;;;;;;;;83;8;
6001;201005;9;;;1.1;5;22.2;15.6;;;;;;;;22.6;4;
6001;201006;9;;;2.1;4;28;18;;;;;;;;25;2;
6001;201007;9;;;1.6;2.7;31;20;;;;;;;;0.9;1;
6001;201008;9;;;1.5;2.2;29.4;23.6;;;;;;;;6.9;1;
6001;201009;9;;;1.9;2.4;25.3;19.2;;;;;;;;9.7;5;
6001;200907;9;;;2.6;6.8;34;21;;;;;;;;0;0;
